"","1: upregulation, -1: downregulation","Symbol","ZoneII-ZoneI","ZoneI_Rep1","ZoneI_Rep2","ZoneI_Rep3","ZoneII_Rep1","ZoneII_Rep2","ZoneII_Rep3"
"1","AT1G01070",NA,1,2.58496250072116,2.58496250072116,2.58496250072116,3.16992500144231,3.32192809488736,3.16992500144231
"2","AT1G01120",NA,1,2.58496250072116,2.58496250072116,2.58496250072116,3.32192809488736,3.16992500144231,3.16992500144231
"3","AT1G01140",NA,1,2.58496250072116,2.58496250072116,2.58496250072116,3,3.16992500144231,3.16992500144231
"4","AT1G01340",NA,1,2.58496250072116,2.58496250072116,2.58496250072116,3.16992500144231,3.16992500144231,3.16992500144231
"5","AT1G02900",NA,1,2.8073549220576,2.58496250072116,2.58496250072116,3.70043971814109,3.70043971814109,3.70043971814109
"6","AT1G03920",NA,1,2.8073549220576,2.8073549220576,2.58496250072116,3.58496250072116,3.58496250072116,3.4594316186373
"7","AT1G04020",NA,-1,3.32192809488736,3.4594316186373,3.4594316186373,2.58496250072116,2.8073549220576,2.8073549220576
"8","AT1G05000",NA,1,2.58496250072116,2.58496250072116,2.58496250072116,3.32192809488736,3.16992500144231,3.32192809488736
"9","AT1G05240",NA,1,2.8073549220576,2.58496250072116,2.58496250072116,3.8073549220576,3.70043971814109,3.8073549220576
"10","AT1G05340",NA,1,2.58496250072116,2.58496250072116,2.58496250072116,3.4594316186373,3.32192809488736,3
"11","AT1G06420",NA,-1,3.32192809488736,3.16992500144231,3.16992500144231,2.58496250072116,2.58496250072116,2.58496250072116
"12","AT1G06930",NA,-1,3.32192809488736,3.32192809488736,3.32192809488736,2.58496250072116,2.58496250072116,3
"13","AT1G07730",NA,1,2.8073549220576,3,3,3.58496250072116,3.58496250072116,3.58496250072116
"14","AT1G08320",NA,1,2.8073549220576,2.58496250072116,2.58496250072116,3.4594316186373,3.32192809488736,3.32192809488736
"15","AT1G08340",NA,1,2.58496250072116,2.32192809488736,2.8073549220576,3.58496250072116,3.4594316186373,3.4594316186373
"16","AT1G08560",NA,-1,3.4594316186373,3.58496250072116,3.58496250072116,3.16992500144231,2.32192809488736,2.58496250072116
"17","AT1G08670",NA,1,2.58496250072116,2.58496250072116,2.8073549220576,3.4594316186373,3.4594316186373,3.32192809488736
"18","AT1G08990",NA,1,2.8073549220576,2.58496250072116,2.58496250072116,3.4594316186373,3.4594316186373,3.4594316186373
"19","AT1G09090",NA,1,3,2.58496250072116,2.8073549220576,3.58496250072116,3.4594316186373,3.4594316186373
"20","AT1G09170",NA,1,2.8073549220576,2.58496250072116,2.58496250072116,3.32192809488736,3.32192809488736,3.32192809488736
"21","AT1G09440",NA,1,2.58496250072116,2.58496250072116,2.32192809488736,2.8073549220576,3,3
"22","AT1G09540",NA,1,3,2.8073549220576,2.58496250072116,3.32192809488736,3.32192809488736,3.4594316186373
"23","AT1G10380",NA,1,2.58496250072116,2.58496250072116,2.58496250072116,3.4594316186373,3.4594316186373,3.4594316186373
"24","AT1G11190",NA,1,2.58496250072116,2.58496250072116,2.58496250072116,3.32192809488736,3.16992500144231,2.8073549220576
"25","AT1G11420",NA,-1,3.16992500144231,3.16992500144231,3.16992500144231,2.58496250072116,2.58496250072116,2.58496250072116
"26","AT1G12040",NA,1,2.8073549220576,2.8073549220576,2.8073549220576,3.8073549220576,3.8073549220576,3.8073549220576
"27","AT1G12150",NA,1,2.8073549220576,2.8073549220576,2.8073549220576,3.58496250072116,3.58496250072116,3.58496250072116
"28","AT1G12550",NA,1,2.58496250072116,2.58496250072116,2.58496250072116,3.16992500144231,3,3.16992500144231
"29","AT1G12560",NA,1,2.58496250072116,2.8073549220576,2.58496250072116,3.58496250072116,3.4594316186373,3.4594316186373
"30","AT1G13100",NA,1,2.58496250072116,2.58496250072116,2.58496250072116,3.16992500144231,3.16992500144231,3
"31","AT1G13420",NA,1,2.8073549220576,2.58496250072116,2.58496250072116,3.32192809488736,3.16992500144231,3.32192809488736
"32","AT1G13830",NA,1,2.58496250072116,2.8073549220576,2.8073549220576,3.4594316186373,3.4594316186373,3.4594316186373
"33","AT1G14540",NA,1,2.58496250072116,2.58496250072116,2.8073549220576,3.32192809488736,3.16992500144231,3.32192809488736
"34","AT1G14730",NA,1,2.8073549220576,2.58496250072116,2.8073549220576,3.32192809488736,3.32192809488736,3.32192809488736
"35","AT1G14780",NA,1,2.58496250072116,2.58496250072116,2.58496250072116,3.16992500144231,3.16992500144231,3.16992500144231
"36","AT1G15570",NA,-1,3.4594316186373,3.32192809488736,3.4594316186373,2.58496250072116,2.58496250072116,2.8073549220576
"37","AT1G16310",NA,1,2.58496250072116,2.58496250072116,2.58496250072116,3.16992500144231,3.16992500144231,3.16992500144231
"38","AT1G17090",NA,1,2.58496250072116,2.58496250072116,2.58496250072116,3.16992500144231,3.16992500144231,3.16992500144231
"39","AT1G18140",NA,1,2.58496250072116,2.58496250072116,2.58496250072116,3.58496250072116,3.58496250072116,3.4594316186373
"40","AT1G18250",NA,-1,3.4594316186373,3.4594316186373,3.58496250072116,2.58496250072116,2.58496250072116,2.58496250072116
"41","AT1G18290",NA,1,2.8073549220576,2.8073549220576,2.58496250072116,3.16992500144231,3.32192809488736,3.32192809488736
"42","AT1G18410",NA,1,2.58496250072116,2.58496250072116,2.58496250072116,3,3.16992500144231,3.16992500144231
"43","AT1G18860",NA,1,2.58496250072116,2.58496250072116,2.58496250072116,3,3,3.32192809488736
"44","AT1G19230",NA,1,3,2.58496250072116,2.8073549220576,3.58496250072116,3.4594316186373,3.4594316186373
"45","AT1G19570",NA,1,2.8073549220576,2.58496250072116,2.58496250072116,3.4594316186373,3.4594316186373,3.32192809488736
"46","AT1G19700",NA,1,2.8073549220576,2.8073549220576,2.8073549220576,3.58496250072116,3.58496250072116,3.58496250072116
"47","AT1G20160",NA,1,2.58496250072116,2.58496250072116,2.58496250072116,3.4594316186373,3.4594316186373,3
"48","AT1G21360",NA,1,2.58496250072116,2.58496250072116,2.58496250072116,3.32192809488736,3.16992500144231,3.16992500144231
"49","AT1G22500",NA,1,2.8073549220576,2.58496250072116,2.8073549220576,3.32192809488736,3.32192809488736,3.32192809488736
"50","AT1G22885",NA,1,2.8073549220576,2.8073549220576,2.8073549220576,3.58496250072116,3.4594316186373,3.4594316186373
"51","AT1G23205",NA,1,2.58496250072116,2.8073549220576,2.58496250072116,3.32192809488736,3.32192809488736,3.16992500144231
"52","AT1G23760",NA,1,2.8073549220576,2.8073549220576,2.8073549220576,3.58496250072116,3.58496250072116,3.4594316186373
"53","AT1G23800",NA,1,2.58496250072116,2.58496250072116,2.8073549220576,3.4594316186373,3.4594316186373,3.32192809488736
"54","AT1G24440",NA,1,3,2.8073549220576,3,3.70043971814109,3.58496250072116,3.58496250072116
"55","AT1G25530",NA,1,2.58496250072116,2.58496250072116,2.8073549220576,3.16992500144231,3.32192809488736,3.16992500144231
"56","AT1G26970",NA,1,3,2.58496250072116,2.58496250072116,3.16992500144231,3.32192809488736,3.32192809488736
"57","AT1G27380",NA,1,2.58496250072116,2.58496250072116,2.58496250072116,3.4594316186373,3.4594316186373,3.32192809488736
"58","AT1G27740",NA,1,3,2.8073549220576,2.58496250072116,3.4594316186373,3.32192809488736,3.32192809488736
"59","AT1G27950",NA,-1,3.4594316186373,3.4594316186373,3.4594316186373,2.8073549220576,2.8073549220576,2.8073549220576
"60","AT1G30640",NA,1,2.8073549220576,3,2.8073549220576,3.4594316186373,3.4594316186373,3.4594316186373
"61","AT1G30750",NA,1,2.58496250072116,2.58496250072116,2.58496250072116,3.70043971814109,3.70043971814109,3.70043971814109
"62","AT1G30850",NA,1,2.58496250072116,2.58496250072116,2.58496250072116,3.32192809488736,3.16992500144231,3.16992500144231
"63","AT1G30870",NA,1,2.8073549220576,2.8073549220576,2.58496250072116,3.70043971814109,3.70043971814109,3.70043971814109
"64","AT1G30990",NA,1,3,2.8073549220576,2.8073549220576,3.58496250072116,3.4594316186373,3.4594316186373
"65","AT1G31710",NA,1,2.8073549220576,2.58496250072116,2.58496250072116,3.4594316186373,3.16992500144231,3
"66","AT1G31720",NA,1,2.58496250072116,2.8073549220576,2.8073549220576,3.32192809488736,3.32192809488736,3.32192809488736
"67","AT1G31950",NA,-1,3.58496250072116,3.58496250072116,3.58496250072116,2.8073549220576,2.8073549220576,2.8073549220576
"68","AT1G32100",NA,1,3,2.58496250072116,2.58496250072116,3.70043971814109,3.70043971814109,3.70043971814109
"69","AT1G32170",NA,1,3,2.8073549220576,2.58496250072116,3.58496250072116,3.58496250072116,3.58496250072116
"70","AT1G33700",NA,1,2.8073549220576,2.58496250072116,2.8073549220576,3.8073549220576,3.70043971814109,3.70043971814109
"71","AT1G33750",NA,-1,3.4594316186373,3.58496250072116,3.58496250072116,2.58496250072116,2.8073549220576,2.8073549220576
"72","AT1G34510",NA,1,2.8073549220576,2.8073549220576,2.8073549220576,3.4594316186373,3.32192809488736,3.32192809488736
"73","AT1G34760",NA,1,2.8073549220576,2.8073549220576,2.8073549220576,3.4594316186373,3.4594316186373,3.32192809488736
"74","AT1G35260",NA,1,3,2.8073549220576,2.58496250072116,3.4594316186373,3.4594316186373,3.4594316186373
"75","AT1G35330",NA,1,2.8073549220576,2.58496250072116,2.8073549220576,3.32192809488736,3.32192809488736,3.32192809488736
"76","AT1G43020",NA,1,2.32192809488736,2.58496250072116,2.32192809488736,3.4594316186373,3.4594316186373,3.32192809488736
"77","AT1G43160",NA,1,2.58496250072116,2.58496250072116,2.58496250072116,3.58496250072116,3.4594316186373,3.4594316186373
"78","AT1G43790",NA,1,2.8073549220576,2.58496250072116,2.8073549220576,3.70043971814109,3.58496250072116,3.4594316186373
"79","AT1G44800",NA,1,2.58496250072116,2.58496250072116,2.58496250072116,3.70043971814109,3.70043971814109,3.58496250072116
"80","AT1G44970",NA,1,2.58496250072116,2.58496250072116,2.58496250072116,3.8073549220576,3.70043971814109,3.70043971814109
"81","AT1G45545",NA,1,2.8073549220576,2.58496250072116,2.58496250072116,3.32192809488736,3.32192809488736,3.16992500144231
"82","AT1G47480",NA,1,2.8073549220576,2.8073549220576,2.58496250072116,3.32192809488736,3.32192809488736,3.32192809488736
"83","AT1G47600",NA,-1,3.32192809488736,3,3.32192809488736,2.58496250072116,2.58496250072116,2.58496250072116
"84","AT1G48210",NA,1,2.8073549220576,3,2.8073549220576,3.4594316186373,3.4594316186373,3.4594316186373
"85","AT1G48750",NA,1,2.8073549220576,2.58496250072116,2.8073549220576,3.58496250072116,3.58496250072116,3.4594316186373
"86","AT1G48930",NA,1,2.8073549220576,2.58496250072116,2.58496250072116,3.8073549220576,3.8073549220576,3.8073549220576
"87","AT1G49310",NA,1,2.8073549220576,2.58496250072116,2.8073549220576,3.32192809488736,3.32192809488736,3.16992500144231
"88","AT1G49470",NA,1,2.58496250072116,2.32192809488736,2.32192809488736,2.8073549220576,2.8073549220576,2.8073549220576
"89","AT1G50110",NA,-1,3.4594316186373,3.4594316186373,3.4594316186373,2.8073549220576,2.8073549220576,2.8073549220576
"90","AT1G50930",NA,1,2.58496250072116,2.32192809488736,2.58496250072116,3.4594316186373,3.4594316186373,3.32192809488736
"91","AT1G51680",NA,1,2.8073549220576,2.58496250072116,2.58496250072116,3.70043971814109,3.70043971814109,3.58496250072116
"92","AT1G51800",NA,1,2.58496250072116,2.58496250072116,2.58496250072116,3.16992500144231,3.32192809488736,3.32192809488736
"93","AT1G51830",NA,1,2.8073549220576,2.58496250072116,2.58496250072116,3.4594316186373,3.4594316186373,3.4594316186373
"94","AT1G51840",NA,1,2.8073549220576,2.58496250072116,2.58496250072116,3.58496250072116,3.58496250072116,3.58496250072116
"95","AT1G51850",NA,1,2.8073549220576,2.58496250072116,2.8073549220576,3.16992500144231,3.32192809488736,3.32192809488736
"96","AT1G51860",NA,1,2.58496250072116,2.58496250072116,2.58496250072116,3.32192809488736,3.16992500144231,3.16992500144231
"97","AT1G51880",NA,1,2.58496250072116,2.58496250072116,2.58496250072116,3.16992500144231,3,3.16992500144231
"98","AT1G52050",NA,-1,3,3.4594316186373,3.4594316186373,2.58496250072116,2.58496250072116,2.58496250072116
"99","AT1G52060",NA,-1,3.32192809488736,3.58496250072116,3.58496250072116,2.8073549220576,2.8073549220576,2.8073549220576
"100","AT1G52070",NA,-1,3.4594316186373,3.70043971814109,3.70043971814109,2.58496250072116,2.8073549220576,2.8073549220576
"101","AT1G52660",NA,1,2.58496250072116,2.58496250072116,2.58496250072116,3.32192809488736,3.32192809488736,3.32192809488736
"102","AT1G53430",NA,1,2.8073549220576,2.58496250072116,2.8073549220576,3.32192809488736,3.32192809488736,3.32192809488736
"103","AT1G53830",NA,1,3.16992500144231,2.8073549220576,2.58496250072116,3.4594316186373,3.58496250072116,3.58496250072116
"104","AT1G54540",NA,1,2.58496250072116,2.58496250072116,2.58496250072116,3.32192809488736,3.32192809488736,3.16992500144231
"105","AT1G54790",NA,1,2.58496250072116,2.8073549220576,2.58496250072116,3.4594316186373,3.4594316186373,3.32192809488736
"106","AT1G54940",NA,1,2.58496250072116,2.58496250072116,2.32192809488736,3.16992500144231,3,3.16992500144231
"107","AT1G54970",NA,1,2.58496250072116,2.58496250072116,2.58496250072116,3.70043971814109,3.70043971814109,3.8073549220576
"108","AT1G55290",NA,1,2.58496250072116,2.32192809488736,2.58496250072116,3.32192809488736,3.16992500144231,3.16992500144231
"109","AT1G55450",NA,1,2.32192809488736,2.58496250072116,2.58496250072116,3.16992500144231,2.8073549220576,3
"110","AT1G55670",NA,1,2.58496250072116,2.8073549220576,2.58496250072116,3.32192809488736,3.32192809488736,3
"111","AT1G56010",NA,1,2.58496250072116,2.58496250072116,2.58496250072116,3.32192809488736,3.16992500144231,3
"112","AT1G56680",NA,-1,3.32192809488736,3.32192809488736,3.4594316186373,2.58496250072116,2.58496250072116,2.58496250072116
"113","AT1G57560",NA,1,2.58496250072116,2.8073549220576,2.58496250072116,3.4594316186373,3.4594316186373,3.4594316186373
"114","AT1G57590",NA,-1,3.58496250072116,3.4594316186373,3.4594316186373,2.8073549220576,2.58496250072116,2.8073549220576
"115","AT1G58070",NA,1,2.32192809488736,2.32192809488736,2.58496250072116,3,3.16992500144231,3
"116","AT1G58360",NA,1,2.8073549220576,2.58496250072116,2.58496250072116,3.16992500144231,3.16992500144231,3.16992500144231
"117","AT1G58370",NA,1,2.8073549220576,2.8073549220576,2.8073549220576,3.4594316186373,3.4594316186373,3.32192809488736
"118","AT1G59730",NA,1,2.58496250072116,2.58496250072116,2.32192809488736,3.16992500144231,2.8073549220576,3
"119","AT1G59870",NA,1,2.8073549220576,2.8073549220576,3,3.58496250072116,3.4594316186373,3.58496250072116
"120","AT1G60680",NA,1,2.8073549220576,2.58496250072116,2.58496250072116,3.70043971814109,3.58496250072116,3.58496250072116
"121","AT1G61590",NA,1,2.8073549220576,2.58496250072116,2.58496250072116,3.58496250072116,3.58496250072116,3.4594316186373
"122","AT1G61660",NA,1,2.58496250072116,2.58496250072116,2.58496250072116,3.16992500144231,3.32192809488736,3.32192809488736
"123","AT1G61667",NA,1,2.58496250072116,2.8073549220576,2.58496250072116,3.16992500144231,3.16992500144231,3.32192809488736
"124","AT1G61820",NA,1,2.58496250072116,2.58496250072116,2.58496250072116,3.4594316186373,3.4594316186373,3.4594316186373
"125","AT1G61950",NA,1,2.32192809488736,2.58496250072116,2.58496250072116,3.16992500144231,3.16992500144231,3.16992500144231
"126","AT1G62320",NA,1,2.58496250072116,2.58496250072116,2.58496250072116,3.16992500144231,3.16992500144231,3.16992500144231
"127","AT1G62500",NA,-1,3.32192809488736,3.32192809488736,3.32192809488736,2.8073549220576,2.58496250072116,2.58496250072116
"128","AT1G62510",NA,1,3.16992500144231,3,2.8073549220576,3.70043971814109,3.70043971814109,3.70043971814109
"129","AT1G62810",NA,-1,3.4594316186373,3.4594316186373,3.4594316186373,2.8073549220576,2.8073549220576,2.8073549220576
"130","AT1G62980",NA,1,2.8073549220576,2.58496250072116,2.58496250072116,3.8073549220576,3.70043971814109,3.70043971814109
"131","AT1G62990",NA,1,2.58496250072116,2.8073549220576,2.58496250072116,3.58496250072116,3.4594316186373,3.4594316186373
"132","AT1G63650",NA,-1,3.32192809488736,3.32192809488736,3.32192809488736,2.58496250072116,2.58496250072116,2.58496250072116
"133","AT1G64185",NA,-1,3.32192809488736,3.32192809488736,3.32192809488736,2.58496250072116,2.58496250072116,2.8073549220576
"134","AT1G65570",NA,-1,2.8073549220576,3.32192809488736,3.32192809488736,2.58496250072116,2.58496250072116,2.58496250072116
"135","AT1G65610",NA,1,3,2.8073549220576,2.8073549220576,3.4594316186373,3.4594316186373,3.4594316186373
"136","AT1G65690",NA,1,2.58496250072116,2.58496250072116,2.58496250072116,3.16992500144231,3.16992500144231,3
"137","AT1G66160",NA,1,2.32192809488736,2.58496250072116,2.32192809488736,3.16992500144231,3,3
"138","AT1G66180",NA,1,2.8073549220576,2.8073549220576,2.8073549220576,3.4594316186373,3.4594316186373,3.4594316186373
"139","AT1G66200",NA,1,2.58496250072116,2.8073549220576,2.58496250072116,3.32192809488736,3.16992500144231,3.16992500144231
"140","AT1G66230",NA,1,2.58496250072116,2.58496250072116,2.58496250072116,3.16992500144231,3.16992500144231,3
"141","AT1G68560",NA,-1,3.58496250072116,3.58496250072116,3.58496250072116,2.8073549220576,2.8073549220576,3
"142","AT1G69210",NA,-1,3.16992500144231,3.16992500144231,3.16992500144231,2.58496250072116,2.58496250072116,2.32192809488736
"143","AT1G69240",NA,1,3,2.58496250072116,2.58496250072116,3.58496250072116,3.58496250072116,3.58496250072116
"144","AT1G69850",NA,1,2.58496250072116,2.58496250072116,2.8073549220576,3.16992500144231,3.32192809488736,3.16992500144231
"145","AT1G70460",NA,1,3,2.8073549220576,2.58496250072116,3.70043971814109,3.58496250072116,3.58496250072116
"146","AT1G70500",NA,1,2.58496250072116,2.58496250072116,2.58496250072116,3.16992500144231,3,3.16992500144231
"147","AT1G70670",NA,1,2.8073549220576,2.58496250072116,2.58496250072116,3.32192809488736,3.16992500144231,3.32192809488736
"148","AT1G70990",NA,1,3,2.8073549220576,2.58496250072116,3.32192809488736,3.4594316186373,3.4594316186373
"149","AT1G71740",NA,1,2.8073549220576,3,2.8073549220576,3.70043971814109,3.70043971814109,3.70043971814109
"150","AT1G71930",NA,1,2.58496250072116,2.58496250072116,2.32192809488736,2.8073549220576,3.16992500144231,3
"151","AT1G72200",NA,1,2.58496250072116,2.8073549220576,2.58496250072116,3.32192809488736,3.4594316186373,3.32192809488736
"152","AT1G72230",NA,1,3,3,2.8073549220576,3.58496250072116,3.58496250072116,3.58496250072116
"153","AT1G72250",NA,-1,3.16992500144231,3.4594316186373,3.32192809488736,2.8073549220576,2.58496250072116,2.58496250072116
"154","AT1G72430",NA,1,3.16992500144231,2.8073549220576,2.58496250072116,3.8073549220576,3.8073549220576,3.8073549220576
"155","AT1G73620",NA,-1,3.4594316186373,3.4594316186373,3.4594316186373,2.58496250072116,2.32192809488736,2.58496250072116
"156","AT1G73640",NA,1,2.8073549220576,2.58496250072116,2.58496250072116,3.32192809488736,3.32192809488736,3.32192809488736
"157","AT1G73860",NA,1,2.58496250072116,2.58496250072116,2.58496250072116,3.16992500144231,3.16992500144231,3.16992500144231
"158","AT1G74080",NA,1,2.58496250072116,2.58496250072116,2.58496250072116,3.16992500144231,3.16992500144231,3
"159","AT1G74500",NA,-1,3.70043971814109,3.70043971814109,3.8073549220576,2.58496250072116,2.8073549220576,3.32192809488736
"160","AT1G75750",NA,1,3.58496250072116,3.16992500144231,2.58496250072116,4,4,4
"161","AT1G76800",NA,1,2.58496250072116,2.58496250072116,2.8073549220576,3.4594316186373,3.32192809488736,3.32192809488736
"162","AT1G77580",NA,-1,3.4594316186373,3.4594316186373,3.4594316186373,2.8073549220576,2.8073549220576,2.8073549220576
"163","AT1G78000",NA,1,2.58496250072116,2.8073549220576,2.8073549220576,3.32192809488736,3.32192809488736,3.16992500144231
"164","AT1G78070",NA,1,2.58496250072116,2.58496250072116,2.58496250072116,3.32192809488736,3.16992500144231,2.8073549220576
"165","AT1G78090",NA,1,3,2.8073549220576,2.58496250072116,3.58496250072116,3.58496250072116,3.4594316186373
"166","AT1G79180",NA,1,2.8073549220576,2.8073549220576,2.58496250072116,3.32192809488736,3.32192809488736,3.32192809488736
"167","AT1G79620",NA,1,2.8073549220576,2.8073549220576,2.8073549220576,3.32192809488736,3.4594316186373,3.32192809488736
"168","AT1G79860",NA,1,2.8073549220576,2.8073549220576,2.8073549220576,3.32192809488736,3.32192809488736,3.4594316186373
"169","AT1G80050",NA,1,2.58496250072116,2.58496250072116,2.58496250072116,3.32192809488736,3.32192809488736,3.32192809488736
"170","AT1G80820",NA,1,2.58496250072116,2.58496250072116,2.58496250072116,3.16992500144231,3.16992500144231,3
"171","AT2G03200",NA,1,2.58496250072116,2.8073549220576,2.58496250072116,3.16992500144231,3.32192809488736,3
"172","AT2G03720",NA,1,3,2.8073549220576,2.8073549220576,3.8073549220576,3.8073549220576,3.8073549220576
"173","AT2G03980",NA,1,2.58496250072116,2.58496250072116,2.8073549220576,3.32192809488736,3.16992500144231,3
"174","AT2G04025",NA,-1,3.32192809488736,3.4594316186373,3.4594316186373,2.58496250072116,2.58496250072116,2.58496250072116
"175","AT2G05160",NA,1,2.58496250072116,2.58496250072116,2.58496250072116,3.16992500144231,3,3.16992500144231
"176","AT2G06200",NA,-1,3.16992500144231,3.16992500144231,3.16992500144231,2.32192809488736,2.8073549220576,2.8073549220576
"177","AT2G15300",NA,1,2.58496250072116,2.8073549220576,2.58496250072116,3.4594316186373,3.32192809488736,3.32192809488736
"178","AT2G15310",NA,1,3,2.58496250072116,2.58496250072116,3.16992500144231,3.32192809488736,3.32192809488736
"179","AT2G16230",NA,-1,3.16992500144231,3.32192809488736,3.32192809488736,2.58496250072116,2.58496250072116,2.58496250072116
"180","AT2G16720",NA,1,2.8073549220576,2.58496250072116,2.58496250072116,3.32192809488736,3.32192809488736,3.32192809488736
"181","AT2G16740",NA,1,2.58496250072116,2.8073549220576,2.8073549220576,3.32192809488736,3.4594316186373,3.32192809488736
"182","AT2G16750",NA,1,2.8073549220576,2.8073549220576,2.58496250072116,3.32192809488736,3.16992500144231,3.32192809488736
"183","AT2G16980",NA,1,3,2.58496250072116,2.58496250072116,3.58496250072116,3.58496250072116,3.58496250072116
"184","AT2G17080",NA,-1,3.32192809488736,3.16992500144231,3.32192809488736,2.58496250072116,2.58496250072116,2.58496250072116
"185","AT2G17710",NA,1,2.8073549220576,2.58496250072116,2.58496250072116,3.32192809488736,3.32192809488736,3.16992500144231
"186","AT2G20710",NA,-1,3.16992500144231,3.32192809488736,3.16992500144231,2.58496250072116,2.58496250072116,2.58496250072116
"187","AT2G21100",NA,1,2.8073549220576,3,2.58496250072116,3.70043971814109,3.58496250072116,3.58496250072116
"188","AT2G21560",NA,1,2.8073549220576,2.8073549220576,2.8073549220576,3.4594316186373,3.4594316186373,3.32192809488736
"189","AT2G21880",NA,1,3,2.8073549220576,2.58496250072116,3.58496250072116,3.58496250072116,3.58496250072116
"190","AT2G22290",NA,1,2.58496250072116,2.58496250072116,2.58496250072116,3.16992500144231,3,3.16992500144231
"191","AT2G22620",NA,1,2.58496250072116,2.58496250072116,2.58496250072116,3.4594316186373,3.4594316186373,3.32192809488736
"192","AT2G22840",NA,-1,3.32192809488736,3.4594316186373,3.4594316186373,2.58496250072116,2.58496250072116,2.8073549220576
"193","AT2G23050",NA,-1,3.4594316186373,3.58496250072116,3.58496250072116,2.58496250072116,2.58496250072116,2.58496250072116
"194","AT2G23450",NA,1,2.8073549220576,2.8073549220576,2.8073549220576,3.4594316186373,3.4594316186373,3.4594316186373
"195","AT2G23560",NA,1,2.8073549220576,2.8073549220576,2.8073549220576,3.4594316186373,3.4594316186373,3.4594316186373
"196","AT2G23630",NA,-1,3,3.16992500144231,3.32192809488736,2.58496250072116,2.58496250072116,2.58496250072116
"197","AT2G23810",NA,1,2.8073549220576,2.58496250072116,2.58496250072116,3.32192809488736,3.16992500144231,3.16992500144231
"198","AT2G24240",NA,1,2.8073549220576,2.58496250072116,2.58496250072116,3.32192809488736,3.32192809488736,3.32192809488736
"199","AT2G24980",NA,1,2.8073549220576,2.8073549220576,2.58496250072116,3.70043971814109,3.70043971814109,3.70043971814109
"200","AT2G25060",NA,-1,3.4594316186373,3.58496250072116,3.4594316186373,2.8073549220576,2.8073549220576,2.8073549220576
"201","AT2G26170",NA,1,2.58496250072116,2.58496250072116,2.58496250072116,3.32192809488736,3.4594316186373,3.4594316186373
"202","AT2G26290",NA,1,2.58496250072116,2.58496250072116,2.58496250072116,3.32192809488736,3.16992500144231,3.16992500144231
"203","AT2G26410",NA,1,2.58496250072116,2.58496250072116,2.58496250072116,3.32192809488736,3.32192809488736,3.32192809488736
"204","AT2G27360",NA,1,3.16992500144231,2.8073549220576,2.8073549220576,3.58496250072116,3.58496250072116,3.4594316186373
"205","AT2G27370",NA,1,2.8073549220576,2.8073549220576,2.8073549220576,3.70043971814109,3.70043971814109,3.58496250072116
"206","AT2G27740",NA,1,3,2.8073549220576,2.8073549220576,3.4594316186373,3.4594316186373,3.4594316186373
"207","AT2G27920",NA,1,2.8073549220576,2.58496250072116,2.58496250072116,3.32192809488736,3.32192809488736,3.32192809488736
"208","AT2G28210",NA,1,2.32192809488736,2.58496250072116,2.58496250072116,3,3,3
"209","AT2G28670",NA,1,2.8073549220576,2.8073549220576,2.8073549220576,3.8073549220576,3.8073549220576,3.70043971814109
"210","AT2G28790",NA,-1,3.4594316186373,3.58496250072116,3.58496250072116,2.32192809488736,2.58496250072116,2.58496250072116
"211","AT2G29620",NA,1,2.8073549220576,2.8073549220576,2.58496250072116,3.4594316186373,3.32192809488736,3.32192809488736
"212","AT2G30130",NA,-1,3.32192809488736,3.32192809488736,3.32192809488736,2.32192809488736,2.58496250072116,2.32192809488736
"213","AT2G30210",NA,1,2.8073549220576,2.8073549220576,2.8073549220576,3.8073549220576,3.70043971814109,3.70043971814109
"214","AT2G30250",NA,1,2.8073549220576,2.58496250072116,2.8073549220576,3.4594316186373,3.16992500144231,3.16992500144231
"215","AT2G30930",NA,1,3.32192809488736,3.32192809488736,2.8073549220576,3.8073549220576,3.8073549220576,3.8073549220576
"216","AT2G31110",NA,1,2.58496250072116,2.58496250072116,2.58496250072116,3.32192809488736,3.4594316186373,3.32192809488736
"217","AT2G31270",NA,-1,3.32192809488736,3.32192809488736,3.32192809488736,2.8073549220576,2.8073549220576,2.58496250072116
"218","AT2G31730",NA,1,2.58496250072116,2.58496250072116,2.58496250072116,3.32192809488736,3.16992500144231,3.16992500144231
"219","AT2G32300",NA,1,3.32192809488736,3,2.8073549220576,3.90689059560852,3.90689059560852,3.90689059560852
"220","AT2G33790",NA,-1,3.70043971814109,3.70043971814109,3.70043971814109,2.58496250072116,3,3.32192809488736
"221","AT2G34020",NA,-1,3.16992500144231,3.16992500144231,3.16992500144231,2.58496250072116,2.58496250072116,2.58496250072116
"222","AT2G34500",NA,1,2.8073549220576,2.8073549220576,2.58496250072116,3.4594316186373,3.4594316186373,3.32192809488736
"223","AT2G35730",NA,1,2.32192809488736,2.58496250072116,2.58496250072116,3,3,3.16992500144231
"224","AT2G35890",NA,1,2.58496250072116,2.58496250072116,2.58496250072116,3.32192809488736,3.16992500144231,3.16992500144231
"225","AT2G35940",NA,1,2.58496250072116,2.58496250072116,2.58496250072116,3.16992500144231,3.16992500144231,3
"226","AT2G36100",NA,1,2.8073549220576,2.58496250072116,2.8073549220576,3.90689059560852,3.90689059560852,3.8073549220576
"227","AT2G36430",NA,1,2.58496250072116,2.8073549220576,2.58496250072116,3.16992500144231,3.16992500144231,3.16992500144231
"228","AT2G37090",NA,1,2.8073549220576,2.58496250072116,2.58496250072116,3.32192809488736,3.32192809488736,3.32192809488736
"229","AT2G37440",NA,1,3,2.8073549220576,2.58496250072116,3.32192809488736,3.32192809488736,3.4594316186373
"230","AT2G37460",NA,1,2.58496250072116,2.58496250072116,2.58496250072116,3.16992500144231,3.16992500144231,3
"231","AT2G38080",NA,1,2.58496250072116,2.58496250072116,2.58496250072116,3.32192809488736,3.32192809488736,3.32192809488736
"232","AT2G38100",NA,1,2.58496250072116,2.58496250072116,2.58496250072116,3.16992500144231,3.16992500144231,3.16992500144231
"233","AT2G38320",NA,1,2.58496250072116,2.58496250072116,2.58496250072116,3.16992500144231,3.4594316186373,3.32192809488736
"234","AT2G38400",NA,1,2.58496250072116,2.58496250072116,2.58496250072116,3.4594316186373,3.4594316186373,3.32192809488736
"235","AT2G38800",NA,1,2.58496250072116,3.16992500144231,2.8073549220576,3.70043971814109,3.70043971814109,3.58496250072116
"236","AT2G38810",NA,-1,3.58496250072116,3.70043971814109,3.70043971814109,2.58496250072116,2.8073549220576,2.8073549220576
"237","AT2G39360",NA,1,2.58496250072116,2.58496250072116,2.58496250072116,3.4594316186373,3.16992500144231,3
"238","AT2G39370",NA,1,2.58496250072116,2.8073549220576,2.58496250072116,3.16992500144231,3.16992500144231,3.16992500144231
"239","AT2G39410",NA,1,2.8073549220576,2.58496250072116,2.58496250072116,3.16992500144231,3.16992500144231,3.16992500144231
"240","AT2G39430",NA,1,2.58496250072116,2.8073549220576,2.58496250072116,3.70043971814109,3.58496250072116,3.58496250072116
"241","AT2G39510",NA,1,2.8073549220576,2.8073549220576,2.8073549220576,3.4594316186373,3.4594316186373,3.16992500144231
"242","AT2G39530",NA,1,2.8073549220576,2.8073549220576,2.8073549220576,3.4594316186373,3.58496250072116,3.70043971814109
"243","AT2G40110",NA,1,3,2.8073549220576,2.58496250072116,3.58496250072116,3.4594316186373,3.32192809488736
"244","AT2G40900",NA,1,2.58496250072116,2.58496250072116,2.58496250072116,3.16992500144231,3.32192809488736,3.16992500144231
"245","AT2G41380",NA,1,2.58496250072116,2.58496250072116,2.58496250072116,3.4594316186373,3.32192809488736,3.16992500144231
"246","AT2G41730",NA,1,2.58496250072116,2.8073549220576,2.8073549220576,3.32192809488736,3.32192809488736,3.32192809488736
"247","AT2G41800",NA,-1,3.58496250072116,3.70043971814109,3.70043971814109,2.8073549220576,2.8073549220576,2.8073549220576
"248","AT2G41970",NA,1,3,2.8073549220576,2.58496250072116,3.58496250072116,3.58496250072116,3.58496250072116
"249","AT2G42140",NA,1,2.58496250072116,2.58496250072116,2.58496250072116,3.32192809488736,3.16992500144231,3.4594316186373
"250","AT2G42430",NA,1,2.58496250072116,2.58496250072116,2.58496250072116,3.16992500144231,3.32192809488736,3.16992500144231
"251","AT2G43480",NA,-1,3.32192809488736,3.58496250072116,3.58496250072116,2.8073549220576,2.8073549220576,2.8073549220576
"252","AT2G43590",NA,1,2.8073549220576,2.8073549220576,2.8073549220576,3.4594316186373,3.32192809488736,3.4594316186373
"253","AT2G43610",NA,-1,3.32192809488736,3.32192809488736,3.32192809488736,2.58496250072116,2.8073549220576,2.8073549220576
"254","AT2G44110",NA,1,3,2.8073549220576,2.58496250072116,3.58496250072116,3.4594316186373,3.4594316186373
"255","AT2G44300",NA,1,3,3,3,3.70043971814109,3.70043971814109,3.70043971814109
"256","AT2G44380",NA,1,2.58496250072116,2.58496250072116,2.58496250072116,3.32192809488736,3.16992500144231,3
"257","AT2G45050",NA,-1,3.58496250072116,3.58496250072116,3.58496250072116,2.58496250072116,2.58496250072116,2.8073549220576
"258","AT2G45170",NA,1,2.8073549220576,2.8073549220576,2.8073549220576,3.58496250072116,3.4594316186373,3.4594316186373
"259","AT2G45220",NA,1,2.58496250072116,2.58496250072116,2.8073549220576,3.58496250072116,3.32192809488736,3.32192809488736
"260","AT2G45890",NA,1,2.8073549220576,2.8073549220576,2.58496250072116,3.4594316186373,3.4594316186373,3.4594316186373
"261","AT2G46450",NA,-1,3.32192809488736,3.4594316186373,3.4594316186373,3,2.8073549220576,2.58496250072116
"262","AT2G46630",NA,1,2.8073549220576,2.8073549220576,2.8073549220576,3.32192809488736,3.4594316186373,3.32192809488736
"263","AT2G46690",NA,1,2.58496250072116,2.58496250072116,2.58496250072116,3.58496250072116,3.4594316186373,3.4594316186373
"264","AT2G46860",NA,1,2.58496250072116,2.58496250072116,2.8073549220576,3.16992500144231,3.32192809488736,3.32192809488736
"265","AT2G47540",NA,1,3.16992500144231,2.8073549220576,2.8073549220576,3.58496250072116,3.58496250072116,3.58496250072116
"266","AT2G47810",NA,1,2.58496250072116,2.58496250072116,2.58496250072116,3.16992500144231,3.16992500144231,3.16992500144231
"267","AT2G48130",NA,1,2.8073549220576,2.8073549220576,2.58496250072116,3.4594316186373,3.32192809488736,3.32192809488736
"268","AT3G01290",NA,1,3,2.8073549220576,2.8073549220576,3.58496250072116,3.4594316186373,3.58496250072116
"269","AT3G01420",NA,1,2.58496250072116,2.58496250072116,2.58496250072116,3.32192809488736,3.16992500144231,2.8073549220576
"270","AT3G01680",NA,1,2.58496250072116,2.58496250072116,2.58496250072116,3.32192809488736,3.32192809488736,3.32192809488736
"271","AT3G01730",NA,1,2.8073549220576,2.8073549220576,2.58496250072116,3.32192809488736,3.16992500144231,3.32192809488736
"272","AT3G02120",NA,-1,3.32192809488736,3.4594316186373,3.4594316186373,2.8073549220576,2.58496250072116,2.58496250072116
"273","AT3G02240",NA,1,2.58496250072116,2.32192809488736,2.58496250072116,3.32192809488736,3.32192809488736,3.32192809488736
"274","AT3G02640",NA,-1,3.16992500144231,3.32192809488736,3.32192809488736,2.58496250072116,2.58496250072116,2.58496250072116
"275","AT3G03130",NA,-1,3.32192809488736,3.4594316186373,3.32192809488736,3,2.58496250072116,2.58496250072116
"276","AT3G03680",NA,-1,3.32192809488736,3.32192809488736,3.32192809488736,2.8073549220576,2.8073549220576,2.58496250072116
"277","AT3G03700",NA,1,2.8073549220576,2.8073549220576,2.8073549220576,3.32192809488736,3.4594316186373,3.32192809488736
"278","AT3G04010",NA,1,3,2.8073549220576,2.58496250072116,3.58496250072116,3.58496250072116,3.58496250072116
"279","AT3G05190",NA,-1,3.16992500144231,3,3.16992500144231,2.32192809488736,2.58496250072116,2.58496250072116
"280","AT3G07070",NA,1,2.8073549220576,2.58496250072116,2.58496250072116,3.32192809488736,3.32192809488736,3.32192809488736
"281","AT3G07490",NA,1,2.58496250072116,2.8073549220576,2.58496250072116,3.4594316186373,3.32192809488736,3.4594316186373
"282","AT3G07600",NA,1,2.8073549220576,2.8073549220576,2.8073549220576,3.4594316186373,3.32192809488736,3.32192809488736
"283","AT3G07900",NA,1,2.8073549220576,2.8073549220576,2.58496250072116,3.4594316186373,3.4594316186373,3.4594316186373
"284","AT3G07940",NA,1,2.8073549220576,2.8073549220576,2.8073549220576,3.4594316186373,3.32192809488736,3.32192809488736
"285","AT3G08040",NA,1,2.58496250072116,2.58496250072116,2.58496250072116,3.58496250072116,3.4594316186373,3
"286","AT3G08490",NA,1,2.58496250072116,2.8073549220576,2.58496250072116,3.4594316186373,3.4594316186373,3.32192809488736
"287","AT3G09020",NA,1,2.32192809488736,2.58496250072116,2.58496250072116,3,3,3
"288","AT3G09220",NA,1,2.58496250072116,2.8073549220576,2.8073549220576,3.58496250072116,3.32192809488736,3.16992500144231
"289","AT3G09240",NA,1,2.32192809488736,2.58496250072116,2.32192809488736,3.16992500144231,3,2.8073549220576
"290","AT3G09540",NA,1,2.58496250072116,2.58496250072116,2.58496250072116,3.4594316186373,3.4594316186373,3.4594316186373
"291","AT3G10340",NA,1,2.8073549220576,2.8073549220576,2.58496250072116,3.58496250072116,3.58496250072116,3.4594316186373
"292","AT3G10710",NA,1,2.8073549220576,2.8073549220576,2.8073549220576,3.70043971814109,3.58496250072116,3.58496250072116
"293","AT3G10910",NA,1,2.58496250072116,2.58496250072116,2.8073549220576,3.4594316186373,3.4594316186373,3.32192809488736
"294","AT3G11280",NA,1,2.58496250072116,2.58496250072116,2.58496250072116,3.4594316186373,3.4594316186373,3.4594316186373
"295","AT3G11550",NA,1,2.58496250072116,2.58496250072116,2.58496250072116,3.8073549220576,3.70043971814109,3.70043971814109
"296","AT3G12540",NA,1,2.58496250072116,2.58496250072116,2.58496250072116,3.4594316186373,3.32192809488736,3.32192809488736
"297","AT3G12700",NA,1,3,3,2.8073549220576,3.70043971814109,3.58496250072116,3.70043971814109
"298","AT3G12870",NA,-1,3.32192809488736,3.32192809488736,3.32192809488736,3,2.58496250072116,2.58496250072116
"299","AT3G13610",NA,1,2.32192809488736,2.58496250072116,2.8073549220576,3.4594316186373,3.32192809488736,3.32192809488736
"300","AT3G13650",NA,1,2.8073549220576,2.8073549220576,2.8073549220576,3.58496250072116,3.4594316186373,3.4594316186373
"301","AT3G13730",NA,1,2.58496250072116,2.8073549220576,2.58496250072116,3.16992500144231,3.16992500144231,3.16992500144231
"302","AT3G13782",NA,1,3,2.8073549220576,2.8073549220576,3.4594316186373,3.4594316186373,3.4594316186373
"303","AT3G14280",NA,1,2.58496250072116,2.58496250072116,2.8073549220576,3.4594316186373,3.32192809488736,3.4594316186373
"304","AT3G14550",NA,-1,3.32192809488736,3.32192809488736,3.32192809488736,2.58496250072116,2.58496250072116,2.58496250072116
"305","AT3G14850",NA,1,2.8073549220576,2.8073549220576,2.8073549220576,3.58496250072116,3.4594316186373,3.4594316186373
"306","AT3G15240",NA,-1,3.70043971814109,3.8073549220576,3.8073549220576,2.8073549220576,3,2.8073549220576
"307","AT3G15357",NA,-1,3.16992500144231,3.32192809488736,3.16992500144231,2.8073549220576,2.58496250072116,2.58496250072116
"308","AT3G15550",NA,-1,3.16992500144231,3.32192809488736,3.32192809488736,2.8073549220576,2.58496250072116,2.32192809488736
"309","AT3G15720",NA,-1,3.4594316186373,3.58496250072116,3.4594316186373,2.58496250072116,2.8073549220576,2.58496250072116
"310","AT3G16340",NA,1,2.8073549220576,2.58496250072116,2.58496250072116,3.32192809488736,3.32192809488736,3.32192809488736
"311","AT3G17420",NA,1,3.16992500144231,3,3,3.70043971814109,3.70043971814109,3.70043971814109
"312","AT3G18280",NA,1,2.58496250072116,2.8073549220576,2.8073549220576,3.58496250072116,3.58496250072116,3.4594316186373
"313","AT3G18560",NA,1,2.8073549220576,2.58496250072116,2.58496250072116,3.32192809488736,3.32192809488736,3.32192809488736
"314","AT3G19030",NA,1,3,2.8073549220576,2.8073549220576,3.4594316186373,3.4594316186373,3.4594316186373
"315","AT3G19320",NA,1,2.58496250072116,2.58496250072116,2.58496250072116,3.16992500144231,3,3.32192809488736
"316","AT3G19370",NA,1,2.8073549220576,2.8073549220576,2.58496250072116,3.58496250072116,3.58496250072116,3.4594316186373
"317","AT3G20150",NA,-1,3.16992500144231,3.32192809488736,3.32192809488736,2.8073549220576,2.58496250072116,2.58496250072116
"318","AT3G20860",NA,1,2.8073549220576,2.8073549220576,3,3.58496250072116,3.58496250072116,3.4594316186373
"319","AT3G21180",NA,1,2.8073549220576,2.8073549220576,2.58496250072116,3.32192809488736,3.4594316186373,3.4594316186373
"320","AT3G21340",NA,1,2.58496250072116,2.58496250072116,2.32192809488736,3.16992500144231,3.32192809488736,3.32192809488736
"321","AT3G21550",NA,1,2.58496250072116,2.58496250072116,2.58496250072116,3.32192809488736,3.16992500144231,3.16992500144231
"322","AT3G21600",NA,1,2.58496250072116,2.58496250072116,2.58496250072116,3.16992500144231,3,3.16992500144231
"323","AT3G21710",NA,1,2.58496250072116,2.8073549220576,2.58496250072116,3.58496250072116,3.32192809488736,3.32192809488736
"324","AT3G22600",NA,1,3.16992500144231,2.8073549220576,2.58496250072116,3.70043971814109,3.70043971814109,3.70043971814109
"325","AT3G22620",NA,1,3,2.58496250072116,2.58496250072116,3.8073549220576,3.8073549220576,3.8073549220576
"326","AT3G22750",NA,1,2.58496250072116,2.58496250072116,2.8073549220576,3.32192809488736,3.16992500144231,3.16992500144231
"327","AT3G22790",NA,-1,3.32192809488736,3.32192809488736,3.32192809488736,2.58496250072116,2.8073549220576,2.8073549220576
"328","AT3G23090",NA,1,3.16992500144231,2.8073549220576,2.8073549220576,3.8073549220576,3.8073549220576,3.8073549220576
"329","AT3G23430",NA,1,2.8073549220576,2.8073549220576,2.8073549220576,3.70043971814109,3.70043971814109,3.58496250072116
"330","AT3G23800",NA,1,2.8073549220576,2.8073549220576,2.8073549220576,3.4594316186373,3.4594316186373,3.32192809488736
"331","AT3G23870",NA,1,2.58496250072116,2.58496250072116,2.58496250072116,3.16992500144231,3.16992500144231,3.16992500144231
"332","AT3G24110",NA,1,2.58496250072116,2.32192809488736,2.58496250072116,3,3,3
"333","AT3G25190",NA,1,2.8073549220576,2.8073549220576,2.58496250072116,3.58496250072116,3.58496250072116,3.32192809488736
"334","AT3G25570",NA,1,2.58496250072116,2.58496250072116,2.58496250072116,3.16992500144231,3.16992500144231,3
"335","AT3G25655",NA,1,2.58496250072116,2.58496250072116,2.58496250072116,3,3.16992500144231,3.16992500144231
"336","AT3G25930",NA,1,2.58496250072116,2.58496250072116,2.58496250072116,3.58496250072116,3.58496250072116,3.4594316186373
"337","AT3G26300",NA,1,2.58496250072116,2.58496250072116,2.58496250072116,3.32192809488736,3.32192809488736,3.16992500144231
"338","AT3G26470",NA,1,2.58496250072116,2.8073549220576,2.58496250072116,3.4594316186373,3.16992500144231,3
"339","AT3G27200",NA,1,2.8073549220576,2.8073549220576,2.8073549220576,3.4594316186373,3.4594316186373,3.4594316186373
"340","AT3G27330",NA,-1,3.16992500144231,3.32192809488736,3.16992500144231,2.58496250072116,2.58496250072116,2.58496250072116
"341","AT3G27640",NA,-1,3.16992500144231,3.16992500144231,3.32192809488736,2.58496250072116,2.58496250072116,2.58496250072116
"342","AT3G28210",NA,1,2.58496250072116,2.58496250072116,2.58496250072116,3.32192809488736,3,3
"343","AT3G28345",NA,1,2.8073549220576,2.58496250072116,2.58496250072116,3.32192809488736,3.16992500144231,3.16992500144231
"344","AT3G30350",NA,-1,3.4594316186373,3.4594316186373,3.4594316186373,2.58496250072116,2.58496250072116,2.58496250072116
"345","AT3G42800",NA,-1,3.32192809488736,3.32192809488736,3.32192809488736,2.58496250072116,2.58496250072116,2.58496250072116
"346","AT3G44730",NA,1,2.58496250072116,2.58496250072116,2.58496250072116,3.16992500144231,3.16992500144231,3
"347","AT3G44990",NA,1,2.8073549220576,2.58496250072116,2.58496250072116,3.58496250072116,3.58496250072116,3.4594316186373
"348","AT3G45080",NA,1,2.32192809488736,2.58496250072116,2.58496250072116,3,3.16992500144231,3
"349","AT3G45700",NA,1,3.16992500144231,2.58496250072116,2.58496250072116,3.70043971814109,3.70043971814109,3.70043971814109
"350","AT3G45710",NA,1,2.8073549220576,2.58496250072116,2.58496250072116,3.4594316186373,3.32192809488736,3.32192809488736
"351","AT3G46760",NA,1,2.8073549220576,2.58496250072116,2.58496250072116,3.32192809488736,3.16992500144231,3.16992500144231
"352","AT3G46900",NA,1,2.8073549220576,2.8073549220576,2.8073549220576,3.4594316186373,3.4594316186373,3.16992500144231
"353","AT3G47740",NA,1,2.32192809488736,2.58496250072116,2.58496250072116,3,2.8073549220576,3
"354","AT3G48920",NA,1,2.58496250072116,2.58496250072116,2.58496250072116,3.4594316186373,3.16992500144231,3.16992500144231
"355","AT3G48940",NA,1,2.8073549220576,2.58496250072116,2.58496250072116,3.4594316186373,3.58496250072116,3.4594316186373
"356","AT3G49120",NA,1,2.58496250072116,2.58496250072116,2.32192809488736,3.4594316186373,3.16992500144231,3
"357","AT3G49210",NA,1,2.8073549220576,2.58496250072116,2.58496250072116,3.4594316186373,3.32192809488736,3.32192809488736
"358","AT3G49780",NA,1,2.58496250072116,2.58496250072116,2.58496250072116,3.16992500144231,3.32192809488736,3.32192809488736
"359","AT3G49860",NA,1,2.8073549220576,2.8073549220576,2.8073549220576,3.32192809488736,3.4594316186373,3.32192809488736
"360","AT3G49960",NA,1,3,2.8073549220576,2.58496250072116,3.8073549220576,3.8073549220576,3.8073549220576
"361","AT3G50350",NA,1,2.58496250072116,2.8073549220576,2.8073549220576,3.32192809488736,3.32192809488736,3.16992500144231
"362","AT3G50810",NA,1,2.58496250072116,2.58496250072116,2.58496250072116,3.16992500144231,3,3.16992500144231
"363","AT3G50830",NA,1,2.58496250072116,2.58496250072116,2.58496250072116,3.16992500144231,3.16992500144231,3.16992500144231
"364","AT3G51280",NA,-1,3.32192809488736,3.4594316186373,3.32192809488736,3,2.58496250072116,2.58496250072116
"365","AT3G51330",NA,1,3,2.8073549220576,2.8073549220576,3.70043971814109,3.58496250072116,3.58496250072116
"366","AT3G51540",NA,1,2.58496250072116,2.58496250072116,2.58496250072116,3.16992500144231,3.16992500144231,3
"367","AT3G51720",NA,-1,3.32192809488736,3.4594316186373,3.4594316186373,3,2.8073549220576,2.58496250072116
"368","AT3G52400",NA,1,3,3,2.8073549220576,3.58496250072116,3.4594316186373,3.58496250072116
"369","AT3G52460",NA,1,2.8073549220576,2.8073549220576,2.8073549220576,3.4594316186373,3.4594316186373,3.4594316186373
"370","AT3G52900",NA,1,2.8073549220576,2.58496250072116,2.58496250072116,3.32192809488736,3.32192809488736,3.32192809488736
"371","AT3G53190",NA,-1,3.4594316186373,3.4594316186373,3.4594316186373,3,2.8073549220576,2.58496250072116
"372","AT3G54040",NA,1,2.8073549220576,2.58496250072116,2.8073549220576,3.58496250072116,3.4594316186373,3.4594316186373
"373","AT3G54320",NA,-1,3.32192809488736,3.16992500144231,3.16992500144231,2.58496250072116,2.58496250072116,2.58496250072116
"374","AT3G54580",NA,1,3.4594316186373,3.16992500144231,3,3.90689059560852,3.90689059560852,3.90689059560852
"375","AT3G55150",NA,1,2.58496250072116,2.58496250072116,2.58496250072116,3.32192809488736,3.32192809488736,3.32192809488736
"376","AT3G56230",NA,1,3,2.8073549220576,2.8073549220576,3.4594316186373,3.4594316186373,3.58496250072116
"377","AT3G56400",NA,1,2.58496250072116,2.58496250072116,2.58496250072116,3.16992500144231,3,3.16992500144231
"378","AT3G60280",NA,1,2.8073549220576,2.8073549220576,2.58496250072116,3.58496250072116,3.4594316186373,3.58496250072116
"379","AT3G60330",NA,1,2.8073549220576,2.8073549220576,2.8073549220576,3.4594316186373,3.32192809488736,3.32192809488736
"380","AT3G60530",NA,-1,3.4594316186373,3.32192809488736,3.32192809488736,2.58496250072116,2.58496250072116,2.58496250072116
"381","AT3G61300",NA,1,2.58496250072116,2.58496250072116,2.58496250072116,3.16992500144231,3.32192809488736,3.16992500144231
"382","AT3G61380",NA,1,2.58496250072116,2.58496250072116,2.58496250072116,3.32192809488736,3.4594316186373,3.32192809488736
"383","AT3G61490",NA,1,2.8073549220576,2.58496250072116,2.8073549220576,3.32192809488736,3.32192809488736,3.32192809488736
"384","AT3G61610",NA,-1,3.16992500144231,3.32192809488736,3.32192809488736,2.58496250072116,2.58496250072116,2.8073549220576
"385","AT3G62040",NA,1,2.58496250072116,2.58496250072116,2.58496250072116,3.4594316186373,3.4594316186373,3.32192809488736
"386","AT3G62680",NA,1,2.8073549220576,2.58496250072116,2.58496250072116,3.8073549220576,3.8073549220576,3.8073549220576
"387","AT3G62760",NA,-1,3.4594316186373,3.4594316186373,3.4594316186373,2.58496250072116,2.8073549220576,2.58496250072116
"388","AT4G00330",NA,1,2.8073549220576,2.8073549220576,2.58496250072116,3.4594316186373,3.4594316186373,3.4594316186373
"389","AT4G00680",NA,1,2.8073549220576,2.58496250072116,2.58496250072116,3.8073549220576,3.70043971814109,3.70043971814109
"390","AT4G00700",NA,1,2.58496250072116,2.58496250072116,2.58496250072116,3.32192809488736,3.32192809488736,3.32192809488736
"391","AT4G01140",NA,1,3,2.8073549220576,2.58496250072116,3.32192809488736,3.4594316186373,3.4594316186373
"392","AT4G01410",NA,-1,3.32192809488736,3.32192809488736,3.32192809488736,2.58496250072116,2.58496250072116,2.58496250072116
"393","AT4G01450",NA,1,2.58496250072116,2.58496250072116,2.58496250072116,3.32192809488736,3.32192809488736,3.32192809488736
"394","AT4G01680",NA,1,2.58496250072116,2.58496250072116,2.32192809488736,3.16992500144231,3.16992500144231,3.32192809488736
"395","AT4G02090",NA,1,2.8073549220576,2.8073549220576,2.58496250072116,3.58496250072116,3.58496250072116,3.4594316186373
"396","AT4G02270",NA,1,2.8073549220576,3,3.16992500144231,3.90689059560852,3.90689059560852,3.90689059560852
"397","AT4G02800",NA,-1,3,3.16992500144231,3.16992500144231,2.58496250072116,2.58496250072116,2.32192809488736
"398","AT4G03330",NA,1,2.8073549220576,2.8073549220576,2.58496250072116,3.32192809488736,3.16992500144231,3.32192809488736
"399","AT4G05100",NA,1,2.58496250072116,2.58496250072116,2.58496250072116,3.16992500144231,3.16992500144231,3.16992500144231
"400","AT4G05170",NA,1,2.58496250072116,2.58496250072116,2.58496250072116,3.4594316186373,3.4594316186373,3.4594316186373
"401","AT4G05180",NA,1,2.58496250072116,2.58496250072116,2.58496250072116,3.32192809488736,3.16992500144231,2.8073549220576
"402","AT4G05590",NA,1,2.8073549220576,2.58496250072116,2.8073549220576,3.4594316186373,3.32192809488736,3.32192809488736
"403","AT4G07960",NA,1,2.8073549220576,2.8073549220576,2.8073549220576,3.32192809488736,3.32192809488736,3.4594316186373
"404","AT4G08160",NA,1,2.8073549220576,2.58496250072116,2.58496250072116,3.4594316186373,3.4594316186373,3.32192809488736
"405","AT4G08410",NA,1,3,2.8073549220576,2.8073549220576,3.70043971814109,3.70043971814109,3.70043971814109
"406","AT4G09890",NA,1,2.58496250072116,2.58496250072116,2.58496250072116,3.32192809488736,3.16992500144231,3.16992500144231
"407","AT4G09990",NA,1,2.8073549220576,2.8073549220576,2.8073549220576,3.4594316186373,3.4594316186373,3.4594316186373
"408","AT4G11080",NA,-1,3.32192809488736,3.32192809488736,3.32192809488736,3,2.58496250072116,2.58496250072116
"409","AT4G11230",NA,1,2.8073549220576,2.58496250072116,2.8073549220576,3.32192809488736,3.16992500144231,3.32192809488736
"410","AT4G11780",NA,-1,3.16992500144231,3.16992500144231,3.16992500144231,2.58496250072116,2.58496250072116,2.32192809488736
"411","AT4G12545",NA,1,3.16992500144231,2.8073549220576,2.58496250072116,3.70043971814109,3.58496250072116,3.4594316186373
"412","AT4G13235",NA,1,2.58496250072116,2.8073549220576,2.8073549220576,3.4594316186373,3.16992500144231,3.32192809488736
"413","AT4G13340",NA,1,3,2.8073549220576,2.8073549220576,3.4594316186373,3.4594316186373,3.4594316186373
"414","AT4G13390",NA,1,2.58496250072116,2.58496250072116,2.32192809488736,3.58496250072116,3.58496250072116,3.58496250072116
"415","AT4G13580",NA,1,2.58496250072116,2.8073549220576,2.8073549220576,3.70043971814109,3.70043971814109,3.58496250072116
"416","AT4G13660",NA,1,3.16992500144231,3,3,3.8073549220576,3.8073549220576,3.8073549220576
"417","AT4G14130",NA,1,3.32192809488736,3,3,3.8073549220576,3.8073549220576,3.8073549220576
"418","AT4G14490",NA,-1,3.16992500144231,3.16992500144231,3.16992500144231,2.58496250072116,2.58496250072116,2.58496250072116
"419","AT4G14650",NA,1,2.58496250072116,2.58496250072116,2.58496250072116,3.32192809488736,3.32192809488736,3.32192809488736
"420","AT4G14695",NA,-1,3.4594316186373,3.4594316186373,3.4594316186373,2.58496250072116,2.8073549220576,2.58496250072116
"421","AT4G15093",NA,1,2.8073549220576,2.58496250072116,2.58496250072116,3.32192809488736,3.16992500144231,3.16992500144231
"422","AT4G15290",NA,1,2.58496250072116,2.58496250072116,2.58496250072116,3.32192809488736,3.32192809488736,3.4594316186373
"423","AT4G15330",NA,1,2.8073549220576,2.8073549220576,2.8073549220576,3.4594316186373,3.4594316186373,3.32192809488736
"424","AT4G15390",NA,1,3.16992500144231,3,3.16992500144231,3.8073549220576,3.8073549220576,3.70043971814109
"425","AT4G15830",NA,-1,3.32192809488736,3.32192809488736,3.32192809488736,3,2.58496250072116,2.58496250072116
"426","AT4G16700",NA,-1,3.16992500144231,3.16992500144231,3.16992500144231,2.58496250072116,2.58496250072116,2.58496250072116
"427","AT4G16780",NA,-1,3.32192809488736,3.32192809488736,3.32192809488736,3,2.58496250072116,2.58496250072116
"428","AT4G17215",NA,1,2.32192809488736,2.32192809488736,2.32192809488736,3.4594316186373,3.4594316186373,3.4594316186373
"429","AT4G17220",NA,1,3.16992500144231,2.8073549220576,2.8073549220576,3.58496250072116,3.70043971814109,3.70043971814109
"430","AT4G17340",NA,1,2.8073549220576,2.58496250072116,2.58496250072116,3.90689059560852,3.8073549220576,3.70043971814109
"431","AT4G17900",NA,1,3,2.58496250072116,2.8073549220576,3.4594316186373,3.4594316186373,3.4594316186373
"432","AT4G18425",NA,1,2.58496250072116,2.58496250072116,2.58496250072116,3.32192809488736,3.32192809488736,3.16992500144231
"433","AT4G18430",NA,1,2.8073549220576,2.58496250072116,2.8073549220576,3.58496250072116,3.58496250072116,3.58496250072116
"434","AT4G18780",NA,1,2.8073549220576,2.58496250072116,2.8073549220576,3.32192809488736,3.32192809488736,3.32192809488736
"435","AT4G19680",NA,1,2.58496250072116,2.58496250072116,2.58496250072116,3.4594316186373,3.32192809488736,3.16992500144231
"436","AT4G19720",NA,1,2.58496250072116,2.58496250072116,2.58496250072116,3.32192809488736,3.16992500144231,3.16992500144231
"437","AT4G19960",NA,1,2.58496250072116,2.58496250072116,2.58496250072116,3.16992500144231,3.32192809488736,3.32192809488736
"438","AT4G20110",NA,1,2.58496250072116,2.58496250072116,2.58496250072116,3.32192809488736,3.16992500144231,3.16992500144231
"439","AT4G20820",NA,1,2.58496250072116,2.58496250072116,2.58496250072116,3.16992500144231,3.16992500144231,3.32192809488736
"440","AT4G20840",NA,1,2.8073549220576,2.58496250072116,2.58496250072116,3.32192809488736,3.16992500144231,3.32192809488736
"441","AT4G20860",NA,1,2.58496250072116,2.58496250072116,2.58496250072116,3.16992500144231,3.16992500144231,3.32192809488736
"442","AT4G21340",NA,1,2.58496250072116,2.32192809488736,2.58496250072116,3.4594316186373,3.4594316186373,3.4594316186373
"443","AT4G21390",NA,1,2.58496250072116,2.58496250072116,2.58496250072116,3.16992500144231,3.16992500144231,3.32192809488736
"444","AT4G22080",NA,1,2.32192809488736,2.58496250072116,2.32192809488736,3.32192809488736,3.32192809488736,3.4594316186373
"445","AT4G23450",NA,1,2.58496250072116,2.58496250072116,2.58496250072116,3.16992500144231,3.16992500144231,3
"446","AT4G24130",NA,1,2.58496250072116,2.58496250072116,2.58496250072116,3.58496250072116,3.58496250072116,3.4594316186373
"447","AT4G24670",NA,1,2.58496250072116,2.58496250072116,2.58496250072116,3.16992500144231,3.16992500144231,3.16992500144231
"448","AT4G25090",NA,1,2.32192809488736,2.58496250072116,2.58496250072116,3.32192809488736,3.32192809488736,3.32192809488736
"449","AT4G25160",NA,1,2.8073549220576,2.58496250072116,2.8073549220576,3.32192809488736,3.32192809488736,3.32192809488736
"450","AT4G25220",NA,1,2.58496250072116,2.58496250072116,2.58496250072116,3.58496250072116,3.4594316186373,3.4594316186373
"451","AT4G25560",NA,1,2.8073549220576,2.58496250072116,2.58496250072116,3.4594316186373,3.58496250072116,3.58496250072116
"452","AT4G25790",NA,1,2.58496250072116,2.8073549220576,2.58496250072116,3.4594316186373,3.32192809488736,3.32192809488736
"453","AT4G25810",NA,1,2.58496250072116,2.8073549220576,2.58496250072116,3.4594316186373,3.58496250072116,3.58496250072116
"454","AT4G25820",NA,1,2.8073549220576,2.58496250072116,2.8073549220576,3.90689059560852,3.8073549220576,3.8073549220576
"455","AT4G25830",NA,1,2.8073549220576,2.8073549220576,2.58496250072116,3.4594316186373,3.4594316186373,3.4594316186373
"456","AT4G25940",NA,1,2.58496250072116,2.58496250072116,2.58496250072116,3.32192809488736,3.32192809488736,3.16992500144231
"457","AT4G26010",NA,1,2.58496250072116,2.58496250072116,2.58496250072116,3.8073549220576,3.70043971814109,3.70043971814109
"458","AT4G26140",NA,1,2.8073549220576,2.8073549220576,2.8073549220576,3.4594316186373,3.4594316186373,3.32192809488736
"459","AT4G26220",NA,1,2.58496250072116,2.8073549220576,2.58496250072116,3.32192809488736,3.16992500144231,3
"460","AT4G26760",NA,-1,3.58496250072116,3.58496250072116,3.58496250072116,2.8073549220576,2.8073549220576,3
"461","AT4G28850",NA,1,2.58496250072116,2.58496250072116,2.58496250072116,3,3,3.32192809488736
"462","AT4G29180",NA,1,2.58496250072116,2.58496250072116,2.58496250072116,3.58496250072116,3.4594316186373,3.4594316186373
"463","AT4G29360",NA,-1,3.32192809488736,3.32192809488736,3.32192809488736,2.58496250072116,2.58496250072116,3
"464","AT4G29800",NA,1,3,2.8073549220576,3,3.70043971814109,3.58496250072116,3.58496250072116
"465","AT4G30270",NA,1,2.58496250072116,2.58496250072116,2.58496250072116,3.70043971814109,3.58496250072116,3.4594316186373
"466","AT4G30320",NA,1,2.58496250072116,2.8073549220576,2.8073549220576,3.58496250072116,3.4594316186373,3.58496250072116
"467","AT4G30670",NA,1,3.16992500144231,3,2.8073549220576,3.8073549220576,3.70043971814109,3.8073549220576
"468","AT4G31840",NA,-1,3.58496250072116,3.70043971814109,3.70043971814109,3.16992500144231,2.8073549220576,2.58496250072116
"469","AT4G31910",NA,1,2.8073549220576,2.8073549220576,2.8073549220576,3.4594316186373,3.4594316186373,3.32192809488736
"470","AT4G32780",NA,1,2.8073549220576,2.8073549220576,2.8073549220576,3.4594316186373,3.32192809488736,3.32192809488736
"471","AT4G32860",NA,1,2.8073549220576,2.8073549220576,2.8073549220576,3.32192809488736,3.4594316186373,3.32192809488736
"472","AT4G33270",NA,-1,3.32192809488736,3.58496250072116,3.4594316186373,3,2.8073549220576,2.58496250072116
"473","AT4G33420",NA,1,2.58496250072116,2.58496250072116,2.58496250072116,3.4594316186373,3.32192809488736,3.16992500144231
"474","AT4G33550",NA,1,2.58496250072116,2.58496250072116,2.58496250072116,3.4594316186373,3.4594316186373,3
"475","AT4G33666",NA,1,2.58496250072116,2.8073549220576,2.58496250072116,3.58496250072116,3.4594316186373,3.16992500144231
"476","AT4G33730",NA,1,2.58496250072116,2.58496250072116,2.58496250072116,3.4594316186373,3.32192809488736,3.32192809488736
"477","AT4G33790",NA,1,2.58496250072116,2.58496250072116,2.58496250072116,3.32192809488736,3.16992500144231,3.4594316186373
"478","AT4G34580",NA,1,3,2.8073549220576,2.8073549220576,3.70043971814109,3.58496250072116,3.70043971814109
"479","AT4G34600",NA,1,2.58496250072116,2.32192809488736,2.58496250072116,3.4594316186373,3.4594316186373,3.4594316186373
"480","AT4G34930",NA,1,2.58496250072116,2.58496250072116,2.58496250072116,3.16992500144231,3.16992500144231,3
"481","AT4G35060",NA,1,3.32192809488736,3,2.8073549220576,3.70043971814109,3.70043971814109,3.70043971814109
"482","AT4G36410",NA,1,2.58496250072116,2.58496250072116,2.58496250072116,3.16992500144231,3.32192809488736,3.16992500144231
"483","AT4G36500",NA,1,2.8073549220576,2.8073549220576,2.8073549220576,3.4594316186373,3.32192809488736,3.4594316186373
"484","AT4G36860",NA,1,2.8073549220576,2.58496250072116,2.58496250072116,3.16992500144231,3.16992500144231,3.16992500144231
"485","AT4G36990",NA,1,3,2.8073549220576,3,3.58496250072116,3.58496250072116,3.58496250072116
"486","AT4G37010",NA,1,2.58496250072116,2.58496250072116,2.32192809488736,3.4594316186373,3.32192809488736,3.16992500144231
"487","AT4G37070",NA,1,2.58496250072116,2.58496250072116,2.58496250072116,3.70043971814109,3.4594316186373,3.4594316186373
"488","AT4G37160",NA,-1,3.32192809488736,3.58496250072116,3.4594316186373,2.58496250072116,2.8073549220576,2.8073549220576
"489","AT4G37740",NA,-1,3.32192809488736,3.4594316186373,3.4594316186373,2.8073549220576,2.58496250072116,2.8073549220576
"490","AT4G37760",NA,1,2.8073549220576,2.58496250072116,2.58496250072116,3.32192809488736,3.16992500144231,3
"491","AT4G37790",NA,1,2.58496250072116,2.58496250072116,2.58496250072116,3.32192809488736,3.16992500144231,3
"492","AT4G37950",NA,1,2.58496250072116,2.8073549220576,2.58496250072116,3,3.32192809488736,3.32192809488736
"493","AT4G38390",NA,1,2.8073549220576,2.58496250072116,2.58496250072116,3.32192809488736,3.32192809488736,3.32192809488736
"494","AT4G38410",NA,-1,3.32192809488736,3,3.16992500144231,2.58496250072116,2.58496250072116,2.58496250072116
"495","AT4G38620",NA,1,2.58496250072116,2.32192809488736,2.32192809488736,3.4594316186373,3.32192809488736,3.32192809488736
"496","AT4G38830",NA,1,2.32192809488736,2.58496250072116,2.58496250072116,2.8073549220576,3,3
"497","AT4G39320",NA,1,2.58496250072116,2.58496250072116,2.58496250072116,3.16992500144231,3.16992500144231,3.16992500144231
"498","AT4G39675",NA,1,2.58496250072116,2.58496250072116,2.8073549220576,3.4594316186373,3.32192809488736,3
"499","AT4G39840",NA,-1,3.16992500144231,3.16992500144231,3.32192809488736,2.58496250072116,2.58496250072116,2.8073549220576
"500","AT4G40010",NA,1,2.58496250072116,2.58496250072116,2.58496250072116,3.32192809488736,3,3
"501","AT4G40080",NA,1,2.58496250072116,2.8073549220576,2.8073549220576,3.32192809488736,3.32192809488736,3.16992500144231
"502","AT4G40090",NA,1,2.58496250072116,2.58496250072116,2.32192809488736,3.58496250072116,3.58496250072116,3.4594316186373
"503","AT5G01060",NA,1,2.32192809488736,2.58496250072116,2.32192809488736,3.16992500144231,3,3
"504","AT5G01280",NA,1,2.8073549220576,2.58496250072116,2.58496250072116,3.16992500144231,3.16992500144231,3.16992500144231
"505","AT5G01610",NA,1,2.8073549220576,2.8073549220576,2.58496250072116,3.32192809488736,3.32192809488736,3.32192809488736
"506","AT5G01730",NA,1,2.8073549220576,2.8073549220576,2.8073549220576,3.32192809488736,3.4594316186373,3.32192809488736
"507","AT5G01910",NA,-1,3.16992500144231,3.32192809488736,3.16992500144231,2.8073549220576,2.58496250072116,2.58496250072116
"508","AT5G02230",NA,1,2.8073549220576,2.58496250072116,2.58496250072116,3.58496250072116,3.4594316186373,3.4594316186373
"509","AT5G03260",NA,1,2.8073549220576,2.8073549220576,2.8073549220576,3.4594316186373,3.4594316186373,3.32192809488736
"510","AT5G03860",NA,-1,3.32192809488736,3.32192809488736,3.16992500144231,2.58496250072116,2.32192809488736,2.58496250072116
"511","AT5G04080",NA,1,2.8073549220576,2.58496250072116,2.8073549220576,3.32192809488736,3.32192809488736,3.32192809488736
"512","AT5G04860",NA,1,2.8073549220576,2.8073549220576,2.8073549220576,3.4594316186373,3.4594316186373,3.32192809488736
"513","AT5G04960",NA,1,3.16992500144231,2.58496250072116,2.58496250072116,3.90689059560852,3.90689059560852,3.90689059560852
"514","AT5G05160",NA,1,2.8073549220576,2.8073549220576,2.8073549220576,3.4594316186373,3.4594316186373,3.4594316186373
"515","AT5G05500",NA,1,2.8073549220576,2.58496250072116,2.58496250072116,3.58496250072116,3.58496250072116,3.58496250072116
"516","AT5G05600",NA,1,2.8073549220576,2.58496250072116,2.58496250072116,3.4594316186373,3.32192809488736,3.4594316186373
"517","AT5G05790",NA,1,3,2.58496250072116,2.8073549220576,3.4594316186373,3.4594316186373,3.4594316186373
"518","AT5G05960",NA,1,2.58496250072116,2.58496250072116,2.8073549220576,3.70043971814109,3.58496250072116,3.4594316186373
"519","AT5G05990",NA,-1,3.16992500144231,3.16992500144231,3.16992500144231,2.58496250072116,2.58496250072116,2.58496250072116
"520","AT5G06200",NA,1,2.58496250072116,2.58496250072116,2.8073549220576,3.70043971814109,3.58496250072116,3.58496250072116
"521","AT5G06630",NA,1,2.8073549220576,2.8073549220576,2.8073549220576,3.58496250072116,3.58496250072116,3.70043971814109
"522","AT5G06640",NA,1,3,2.8073549220576,2.8073549220576,3.8073549220576,3.70043971814109,3.70043971814109
"523","AT5G06839",NA,1,2.58496250072116,2.58496250072116,2.58496250072116,3.4594316186373,3.4594316186373,3.32192809488736
"524","AT5G07080",NA,1,2.58496250072116,2.8073549220576,2.58496250072116,3.16992500144231,3.32192809488736,3
"525","AT5G07580",NA,1,2.58496250072116,2.58496250072116,2.8073549220576,3.16992500144231,3.16992500144231,3.32192809488736
"526","AT5G07680",NA,1,2.58496250072116,2.32192809488736,2.32192809488736,3,2.8073549220576,2.8073549220576
"527","AT5G08020",NA,-1,3.16992500144231,3.16992500144231,3.16992500144231,2.58496250072116,2.58496250072116,2.58496250072116
"528","AT5G09220",NA,1,2.58496250072116,2.58496250072116,2.58496250072116,3.32192809488736,3.16992500144231,3.16992500144231
"529","AT5G09440",NA,1,2.58496250072116,2.58496250072116,2.58496250072116,3.32192809488736,3.32192809488736,3.32192809488736
"530","AT5G09980",NA,-1,3,3,3,2.58496250072116,2.32192809488736,2.58496250072116
"531","AT5G10130",NA,-1,3.58496250072116,3.70043971814109,3.70043971814109,2.8073549220576,2.8073549220576,3
"532","AT5G10510",NA,-1,3.16992500144231,3.32192809488736,3.32192809488736,2.8073549220576,2.58496250072116,2.58496250072116
"533","AT5G10580",NA,1,2.58496250072116,2.58496250072116,2.58496250072116,3.4594316186373,3.4594316186373,3.32192809488736
"534","AT5G10650",NA,1,2.32192809488736,2.58496250072116,2.58496250072116,3,2.8073549220576,3
"535","AT5G12170",NA,1,2.8073549220576,2.8073549220576,2.8073549220576,3.32192809488736,3.4594316186373,3.58496250072116
"536","AT5G12420",NA,1,2.32192809488736,2.32192809488736,2.32192809488736,2.8073549220576,2.8073549220576,2.58496250072116
"537","AT5G12970",NA,-1,3.32192809488736,3.32192809488736,3.32192809488736,2.8073549220576,2.58496250072116,2.58496250072116
"538","AT5G13870",NA,-1,3.4594316186373,3.4594316186373,3.4594316186373,2.8073549220576,2.8073549220576,2.8073549220576
"539","AT5G15180",NA,1,2.58496250072116,2.58496250072116,2.58496250072116,3.4594316186373,3.4594316186373,3.4594316186373
"540","AT5G15290",NA,1,2.58496250072116,2.58496250072116,2.32192809488736,3.58496250072116,3.4594316186373,3.32192809488736
"541","AT5G15510",NA,-1,3.16992500144231,3.32192809488736,3.32192809488736,2.8073549220576,2.58496250072116,2.58496250072116
"542","AT5G15630",NA,1,2.58496250072116,2.58496250072116,2.58496250072116,3.16992500144231,3.16992500144231,3.16992500144231
"543","AT5G16490",NA,1,2.58496250072116,2.58496250072116,2.58496250072116,3.32192809488736,3.32192809488736,3.16992500144231
"544","AT5G16560",NA,-1,3.16992500144231,3.32192809488736,3.16992500144231,2.8073549220576,2.58496250072116,2.58496250072116
"545","AT5G16600",NA,1,2.8073549220576,2.8073549220576,2.58496250072116,3.32192809488736,3.32192809488736,3.32192809488736
"546","AT5G16900",NA,1,2.8073549220576,2.58496250072116,2.58496250072116,3.16992500144231,3.16992500144231,3.16992500144231
"547","AT5G17160",NA,-1,3.4594316186373,3.58496250072116,3.4594316186373,3.32192809488736,2.58496250072116,2.58496250072116
"548","AT5G17420",NA,1,2.8073549220576,2.58496250072116,2.8073549220576,3.32192809488736,3.4594316186373,3.16992500144231
"549","AT5G17450",NA,1,2.8073549220576,2.8073549220576,2.8073549220576,3.32192809488736,3.4594316186373,3.32192809488736
"550","AT5G17820",NA,1,3.16992500144231,2.58496250072116,2.8073549220576,3.70043971814109,3.58496250072116,3.70043971814109
"551","AT5G19240",NA,1,2.58496250072116,2.58496250072116,2.58496250072116,3.8073549220576,3.70043971814109,3.70043971814109
"552","AT5G19520",NA,-1,3.4594316186373,3.4594316186373,3.4594316186373,2.58496250072116,2.8073549220576,2.8073549220576
"553","AT5G19730",NA,1,2.58496250072116,2.58496250072116,2.8073549220576,3.32192809488736,3.32192809488736,3.16992500144231
"554","AT5G19790",NA,1,2.8073549220576,2.58496250072116,2.8073549220576,3.70043971814109,3.70043971814109,3.58496250072116
"555","AT5G19800",NA,1,2.32192809488736,2.58496250072116,2.32192809488736,3.32192809488736,3.16992500144231,3.16992500144231
"556","AT5G22410",NA,1,2.8073549220576,2.58496250072116,2.8073549220576,3.70043971814109,3.58496250072116,3.58496250072116
"557","AT5G22580",NA,-1,3.4594316186373,3.4594316186373,3.32192809488736,2.58496250072116,2.58496250072116,2.58496250072116
"558","AT5G22870",NA,1,2.58496250072116,2.58496250072116,2.58496250072116,3.16992500144231,3.32192809488736,3.32192809488736
"559","AT5G23030",NA,1,2.32192809488736,2.58496250072116,2.58496250072116,3.32192809488736,3.16992500144231,3.16992500144231
"560","AT5G23220",NA,1,3,2.8073549220576,2.58496250072116,3.4594316186373,3.32192809488736,3.32192809488736
"561","AT5G23420",NA,-1,3.4594316186373,3.4594316186373,3.4594316186373,2.8073549220576,2.8073549220576,2.8073549220576
"562","AT5G23750",NA,1,2.8073549220576,2.8073549220576,2.8073549220576,3.58496250072116,3.58496250072116,3.58496250072116
"563","AT5G23870",NA,1,2.8073549220576,2.58496250072116,2.58496250072116,3.16992500144231,3.32192809488736,3.16992500144231
"564","AT5G24030",NA,1,2.8073549220576,2.58496250072116,2.8073549220576,3.32192809488736,3.32192809488736,3.32192809488736
"565","AT5G24090",NA,1,2.58496250072116,2.58496250072116,2.58496250072116,3.4594316186373,3.32192809488736,3.32192809488736
"566","AT5G24310",NA,1,3,2.58496250072116,2.8073549220576,3.4594316186373,3.4594316186373,3.4594316186373
"567","AT5G24410",NA,1,2.8073549220576,2.8073549220576,2.58496250072116,3.32192809488736,3.32192809488736,3.32192809488736
"568","AT5G24880",NA,1,2.8073549220576,2.58496250072116,2.58496250072116,3.58496250072116,3.58496250072116,3.58496250072116
"569","AT5G25160",NA,1,2.58496250072116,2.58496250072116,2.58496250072116,3.4594316186373,3.4594316186373,3.32192809488736
"570","AT5G25810",NA,1,2.32192809488736,2.32192809488736,2.32192809488736,3.32192809488736,3.32192809488736,3.16992500144231
"571","AT5G26930",NA,1,2.8073549220576,2.8073549220576,2.8073549220576,3.16992500144231,3.4594316186373,3.4594316186373
"572","AT5G27200",NA,-1,3.32192809488736,3.16992500144231,3,2.58496250072116,2.58496250072116,2.58496250072116
"573","AT5G28630",NA,1,2.58496250072116,2.32192809488736,2.58496250072116,3.4594316186373,3.16992500144231,3.16992500144231
"574","AT5G28640",NA,-1,3.58496250072116,3.58496250072116,3.58496250072116,2.58496250072116,2.58496250072116,2.58496250072116
"575","AT5G35190",NA,1,2.58496250072116,2.58496250072116,2.32192809488736,3.70043971814109,3.70043971814109,3.70043971814109
"576","AT5G35580",NA,1,2.8073549220576,2.8073549220576,2.8073549220576,3.4594316186373,3.4594316186373,3.4594316186373
"577","AT5G36180",NA,1,2.8073549220576,2.8073549220576,2.58496250072116,3.4594316186373,3.32192809488736,3.16992500144231
"578","AT5G36950",NA,-1,3.32192809488736,3.32192809488736,3.32192809488736,2.8073549220576,2.58496250072116,2.8073549220576
"579","AT5G37540",NA,1,2.58496250072116,2.8073549220576,2.58496250072116,3.32192809488736,3.32192809488736,3.16992500144231
"580","AT5G38610",NA,1,2.8073549220576,2.58496250072116,2.8073549220576,3.32192809488736,3.32192809488736,3.32192809488736
"581","AT5G38700",NA,1,2.58496250072116,2.58496250072116,2.58496250072116,3.16992500144231,3.16992500144231,3.32192809488736
"582","AT5G39550",NA,-1,3.32192809488736,3.32192809488736,3.32192809488736,2.8073549220576,2.58496250072116,2.8073549220576
"583","AT5G40020",NA,1,2.58496250072116,2.58496250072116,2.58496250072116,3.32192809488736,3.32192809488736,3.32192809488736
"584","AT5G40860",NA,1,2.58496250072116,2.58496250072116,2.58496250072116,3.32192809488736,3,3.16992500144231
"585","AT5G40960",NA,1,3,2.8073549220576,2.8073549220576,3.4594316186373,3.4594316186373,3.4594316186373
"586","AT5G41040",NA,1,2.58496250072116,2.58496250072116,2.58496250072116,3.4594316186373,3.32192809488736,3.32192809488736
"587","AT5G41730",NA,1,2.58496250072116,2.32192809488736,2.58496250072116,3.16992500144231,3.16992500144231,3
"588","AT5G42030",NA,1,2.8073549220576,2.58496250072116,2.58496250072116,3.58496250072116,3.4594316186373,3.4594316186373
"589","AT5G42180",NA,1,2.58496250072116,2.58496250072116,2.58496250072116,3.8073549220576,3.8073549220576,3.70043971814109
"590","AT5G42500",NA,1,3.16992500144231,3,3,3.8073549220576,3.70043971814109,3.70043971814109
"591","AT5G42630",NA,-1,3.4594316186373,3.4594316186373,3.4594316186373,2.8073549220576,2.58496250072116,3
"592","AT5G42830",NA,1,2.58496250072116,2.58496250072116,2.58496250072116,3.32192809488736,3,3.16992500144231
"593","AT5G43150",NA,1,2.8073549220576,2.58496250072116,2.32192809488736,3.32192809488736,3.16992500144231,3.16992500144231
"594","AT5G43180",NA,1,2.58496250072116,2.58496250072116,2.58496250072116,3.58496250072116,3.4594316186373,3.32192809488736
"595","AT5G43520",NA,1,2.58496250072116,2.32192809488736,2.32192809488736,3.16992500144231,3,3
"596","AT5G44130",NA,1,3,2.8073549220576,2.8073549220576,3.58496250072116,3.70043971814109,3.70043971814109
"597","AT5G44480",NA,1,2.8073549220576,2.8073549220576,2.8073549220576,3.58496250072116,3.58496250072116,3.58496250072116
"598","AT5G44560",NA,-1,3.32192809488736,3.32192809488736,3.32192809488736,2.8073549220576,2.8073549220576,2.58496250072116
"599","AT5G45650",NA,1,2.58496250072116,2.58496250072116,2.58496250072116,3.4594316186373,3.32192809488736,3.4594316186373
"600","AT5G45840",NA,1,3,2.8073549220576,2.58496250072116,3.58496250072116,3.58496250072116,3.4594316186373
"601","AT5G47450",NA,1,2.58496250072116,2.58496250072116,2.58496250072116,3.4594316186373,3.4594316186373,3
"602","AT5G47530",NA,1,2.8073549220576,2.58496250072116,2.58496250072116,3.16992500144231,3.16992500144231,3.16992500144231
"603","AT5G48290",NA,1,2.58496250072116,2.8073549220576,2.58496250072116,3.4594316186373,3.4594316186373,3.32192809488736
"604","AT5G48360",NA,-1,3.32192809488736,3.32192809488736,3.32192809488736,2.58496250072116,2.58496250072116,2.58496250072116
"605","AT5G48940",NA,-1,3.4594316186373,3.58496250072116,3.58496250072116,2.8073549220576,2.8073549220576,3
"606","AT5G49660",NA,1,2.58496250072116,2.58496250072116,2.58496250072116,3.16992500144231,3.32192809488736,3.16992500144231
"607","AT5G49760",NA,1,3,2.8073549220576,2.8073549220576,3.70043971814109,3.58496250072116,3.58496250072116
"608","AT5G49900",NA,1,3,3,2.8073549220576,3.58496250072116,3.58496250072116,3.4594316186373
"609","AT5G50375",NA,-1,3.32192809488736,3.32192809488736,3.32192809488736,2.58496250072116,2.8073549220576,2.8073549220576
"610","AT5G50560",NA,1,3,3,3,3.70043971814109,3.58496250072116,3.58496250072116
"611","AT5G50760",NA,1,2.58496250072116,2.58496250072116,2.58496250072116,3.4594316186373,3.32192809488736,3.16992500144231
"612","AT5G51500",NA,-1,3.32192809488736,3,3.16992500144231,2.58496250072116,2.58496250072116,2.58496250072116
"613","AT5G51600",NA,-1,3.16992500144231,3.4594316186373,3.32192809488736,2.8073549220576,2.58496250072116,2.58496250072116
"614","AT5G51890",NA,1,2.8073549220576,2.8073549220576,2.8073549220576,3.58496250072116,3.58496250072116,3.58496250072116
"615","AT5G53320",NA,1,3,2.8073549220576,2.58496250072116,3.32192809488736,3.4594316186373,3.32192809488736
"616","AT5G53370",NA,1,3,2.8073549220576,2.8073549220576,3.58496250072116,3.4594316186373,3.58496250072116
"617","AT5G53590",NA,1,2.8073549220576,2.8073549220576,2.58496250072116,3.32192809488736,3.32192809488736,3.32192809488736
"618","AT5G54130",NA,1,2.8073549220576,2.58496250072116,2.58496250072116,3.32192809488736,3.32192809488736,3.32192809488736
"619","AT5G54790",NA,1,2.58496250072116,2.58496250072116,2.58496250072116,3.32192809488736,3.16992500144231,3.32192809488736
"620","AT5G54980",NA,1,2.58496250072116,2.58496250072116,2.58496250072116,3.32192809488736,3.32192809488736,3.16992500144231
"621","AT5G55050",NA,1,3,2.8073549220576,2.58496250072116,3.58496250072116,3.58496250072116,3.58496250072116
"622","AT5G55250",NA,1,2.8073549220576,2.8073549220576,2.58496250072116,3.32192809488736,3.32192809488736,3.32192809488736
"623","AT5G56870",NA,1,2.58496250072116,2.58496250072116,2.58496250072116,3.70043971814109,3.58496250072116,3.58496250072116
"624","AT5G57500",NA,-1,3.16992500144231,3.4594316186373,3.32192809488736,2.58496250072116,2.58496250072116,2.58496250072116
"625","AT5G57530",NA,1,2.8073549220576,2.8073549220576,2.8073549220576,3.58496250072116,3.58496250072116,3.58496250072116
"626","AT5G57540",NA,1,2.58496250072116,2.58496250072116,2.58496250072116,3.58496250072116,3.4594316186373,3.4594316186373
"627","AT5G57620",NA,1,2.8073549220576,2.58496250072116,2.8073549220576,3.4594316186373,3.4594316186373,3.4594316186373
"628","AT5G57785",NA,1,3.16992500144231,3,3,3.70043971814109,3.70043971814109,3.70043971814109
"629","AT5G57980",NA,-1,3.4594316186373,3.4594316186373,3.4594316186373,3,2.58496250072116,2.8073549220576
"630","AT5G58010",NA,1,2.8073549220576,2.8073549220576,2.58496250072116,3.70043971814109,3.58496250072116,3.58496250072116
"631","AT5G58770",NA,1,2.58496250072116,2.58496250072116,2.32192809488736,3,3,2.8073549220576
"632","AT5G59490",NA,1,2.58496250072116,2.58496250072116,2.58496250072116,3.32192809488736,3.32192809488736,3.32192809488736
"633","AT5G59540",NA,1,2.58496250072116,2.8073549220576,2.58496250072116,3.58496250072116,3.4594316186373,3.4594316186373
"634","AT5G59780",NA,1,2.8073549220576,2.58496250072116,2.58496250072116,3.32192809488736,3.16992500144231,3.16992500144231
"635","AT5G59845",NA,1,2.58496250072116,2.58496250072116,2.8073549220576,3.16992500144231,3.16992500144231,3.16992500144231
"636","AT5G60020",NA,1,2.58496250072116,2.58496250072116,2.58496250072116,3.32192809488736,3.16992500144231,3.32192809488736
"637","AT5G60150",NA,-1,3,3,3,2.58496250072116,2.32192809488736,2.58496250072116
"638","AT5G60530",NA,-1,3,3.4594316186373,3.4594316186373,2.58496250072116,2.58496250072116,2.58496250072116
"639","AT5G60930",NA,-1,3.32192809488736,3.4594316186373,3.32192809488736,3,2.58496250072116,2.58496250072116
"640","AT5G61000",NA,-1,3.32192809488736,3.16992500144231,3.32192809488736,2.32192809488736,2.58496250072116,2.58496250072116
"641","AT5G61340",NA,1,2.58496250072116,2.58496250072116,2.58496250072116,3.4594316186373,3.4594316186373,3.4594316186373
"642","AT5G61350",NA,1,2.58496250072116,2.58496250072116,2.58496250072116,3.4594316186373,3.4594316186373,3.4594316186373
"643","AT5G61420",NA,1,2.58496250072116,2.32192809488736,2.32192809488736,3.32192809488736,3.4594316186373,3.32192809488736
"644","AT5G61650",NA,1,2.58496250072116,2.32192809488736,2.58496250072116,3.4594316186373,3.32192809488736,3.16992500144231
"645","AT5G62310",NA,1,2.8073549220576,2.58496250072116,2.58496250072116,3.4594316186373,3.4594316186373,3.32192809488736
"646","AT5G62340",NA,-1,3.70043971814109,3.58496250072116,3.58496250072116,2.58496250072116,2.58496250072116,2.32192809488736
"647","AT5G62630",NA,1,2.58496250072116,2.58496250072116,2.58496250072116,3.32192809488736,3.32192809488736,3
"648","AT5G63600",NA,1,2.58496250072116,2.58496250072116,2.58496250072116,3.58496250072116,3.4594316186373,3.4594316186373
"649","AT5G63650",NA,-1,3.16992500144231,3.16992500144231,3.16992500144231,2.58496250072116,2.58496250072116,2.58496250072116
"650","AT5G63660",NA,-1,3.70043971814109,3.70043971814109,3.70043971814109,2.58496250072116,2.8073549220576,3.16992500144231
"651","AT5G64100",NA,1,3,2.8073549220576,3,3.70043971814109,3.58496250072116,3.58496250072116
"652","AT5G64260",NA,1,3,2.8073549220576,3,3.70043971814109,3.58496250072116,3.58496250072116
"653","AT5G64710",NA,-1,3,3,3,2.32192809488736,2.58496250072116,2.58496250072116
"654","AT5G65040",NA,1,2.8073549220576,2.58496250072116,2.58496250072116,3.32192809488736,3.32192809488736,3.16992500144231
"655","AT5G65090",NA,1,2.8073549220576,2.8073549220576,2.8073549220576,3.4594316186373,3.4594316186373,3.4594316186373
"656","AT5G65530",NA,1,2.58496250072116,2.58496250072116,2.58496250072116,3.70043971814109,3.70043971814109,3.70043971814109
"657","AT5G65800",NA,1,2.58496250072116,2.58496250072116,2.8073549220576,3.32192809488736,3.16992500144231,3.16992500144231
"658","AT5G65870",NA,1,2.58496250072116,2.58496250072116,2.32192809488736,3,3.16992500144231,3
"659","AT5G66390",NA,1,2.58496250072116,2.58496250072116,2.58496250072116,3.90689059560852,3.8073549220576,3.8073549220576
"660","AT5G66815",NA,1,2.58496250072116,2.58496250072116,2.58496250072116,3.32192809488736,3.58496250072116,3.4594316186373
"661","AT5G67090",NA,1,2.8073549220576,2.58496250072116,2.58496250072116,3.16992500144231,3.16992500144231,3.16992500144231
"662","AT5G67270",NA,-1,3.32192809488736,3.32192809488736,3.32192809488736,2.8073549220576,2.58496250072116,2.58496250072116
"663","AT5G67340",NA,1,2.58496250072116,2.58496250072116,2.58496250072116,3.16992500144231,3.32192809488736,3
"664","AT5G67400",NA,1,2.8073549220576,2.8073549220576,2.58496250072116,3.90689059560852,3.90689059560852,3.90689059560852
