"","Col0_GC_Alight_Rep1","Col0_GC_Alight_Rep2","Col0_GC_Alight_Rep3","Col0_GC_dark_Rep1","Col0_GC_dark_Rep2","Col0_GC_dark_Rep3","Ws_GC_Alight_Rep1","Ws_GC_Alight_Rep2","Ws_GC_Alight_Rep3","Ws_GC_dark_Rep1","Ws_GC_dark_Rep2","Ws_GC_dark_Rep3","Col0PhyD_GC_Alight_Rep1","Col0PhyD_GC_Alight_Rep2","Col0PhyD_GC_Alight_Rep3","Col0PhyD_GC_dark_Rep1","Col0PhyD_GC_dark_Rep2","Col0PhyD_GC_dark_Rep3","Col0_FLT_Alight_Rep1","Col0_FLT_Alight_Rep2","Col0_FLT_Alight_Rep3","Col0_FLT_dark_Rep1","Col0_FLT_dark_Rep2","Col0_FLT_dark_Rep3","Ws_FLT_Alight_Rep1","Ws_FLT_Alight_Rep2","Ws_FLT_Alight_Rep3","Ws_FLT_dark_Rep1","Ws_FLT_dark_Rep2","Ws_FLT_dark_Rep3","Col0PhyD_FLT_Alight_Rep1","Col0PhyD_FLT_Alight_Rep2","Col0PhyD_FLT_Alight_Rep3","Col0PhyD_FLT_dark_Rep1","Col0PhyD_FLT_dark_Rep2","Col0PhyD_FLT_dark_Rep3"
"AT3G05880",11.3272145275405,12.2034349424147,11.9841782440751,10.2310464794984,10.6914502164662,11.0109920666297,10.8718930753851,11.9634138702735,11.9140834975757,9.19992008196262,9.84646471367554,10.1344794129814,11.3029600868158,12.5514907939292,12.2356786263223,11.0632149453339,10.3023359132578,10.0979821054303,11.4123505937358,11.785892592656,12.9438492167981,11.8554864744312,10.7095882725399,13.0337114851704,12.092880343576,13.8520575950487,12.888440912399,9.82246414012545,11.0717534676422,11.4622476617637,12.6736671626541,13.0545221516903,12.8098552790685,11.4223696720944,12.0669076165823,12.3783836045962
"AT3G44300",11.4404520505695,11.1157703680936,10.7472713412808,10.3600855976354,9.5280194793927,10.5860956138845,10.8345982598945,10.4803021757491,11.0428696641974,9.48589564238664,10.1186129697899,9.44070688400573,9.69944066383956,10.8243877154721,10.4742491005575,10.2702304235604,10.1252762921188,10.2303307705756,12.0455723858004,11.398331372759,11.511420681859,12.0918666847665,11.0975391948423,12.0745414688899,11.9630660892171,10.5850652531393,11.5578998792763,9.38715284177624,9.95929099586322,9.83556973155234,11.5618500854139,11.9524045316261,12.2112543447636,11.6823884545126,10.8425328831884,11.7587494528357
"AT2G26400",5.5822950990045,3.78946799160195,5.02308414089189,6.9345009902657,6.56307171219993,9.0214034786035,6.03313563306244,5.9542683269985,7.80908495658867,6.2532339647759,7.36541583534709,8.81960337268451,7.48315974696688,7.00111349194149,5.59666366716381,6.84562743000806,7.73121082091656,7.31306087741953,8.8506166244058,9.21736497642464,8.78082413234124,9.51668242506319,8.71316508202177,9.50574499494224,10.3319276029887,9.71900389364133,10.1681024636759,9.68745913794878,9.28611576836342,9.10383931598082,10.4576028670655,9.92687262538693,9.02051226993613,8.9020933338287,10.4699320265832,12.1434507144391
"AT3G54040",6.62429571927986,9.21346817504473,9.73905089707809,6.97991154353755,7.38708262667066,8.34508524352347,6.13682446655848,8.66215617138744,8.10933082605867,4.43173224875746,6.6793123349745,8.29926867333481,7.3932535382393,9.59472724366249,9.59330836211354,8.53307418706232,7.79618270961593,7.67837490146847,6.67138777388381,8.39715721598422,10.1730910076735,9.19767492549096,6.06058771169817,10.3617185079391,8.18513670456296,11.5219483367135,10.3766778201008,7.0931272236799,9.56459156370998,9.87383683732699,9.79040262098584,10.8944325420661,9.88793394724801,11.4710030658133,8.44976006505022,6.63608479870609
"AT1G19960",8.31825267062464,9.67892076330677,9.11289087918595,7.61937304722635,7.67108181432055,8.32313083713005,7.93703772066069,9.77965688875205,8.61710749458178,6.49112610139156,6.39164092472898,7.96041070919453,7.85175612286089,10.2507670358777,9.43988283081186,9.02714199507178,7.43739525844435,6.75917411804045,8.4276037214165,8.84810614364505,10.1936563108144,9.42002346944025,7.44781017804331,10.7770113350291,9.37933228766092,11.2214872645466,10.3734731778209,7.84604915181124,9.55895281680697,10.0009942198283,10.7283162387265,10.674528312109,10.129152534183,8.73293697730052,9.60269730080104,10.2944389872526
"AT5G23220",8.5042117446984,7.84569327991862,7.77706478310532,7.66873918774563,6.65047813876138,8.23651738324128,7.72713400561753,8.86436740941849,8.70095064725127,6.78746598227086,6.97603351371948,8.17703848905773,7.3932535382393,8.84553381972773,7.71542006544599,8.8043291999346,8.31819520560479,8.63621243246711,10.1951667508084,10.1631140820791,10.069555439113,10.4086257502326,7.77929855742873,10.2736509846148,10.4157796615396,9.44776609922379,10.0659282109042,6.62247144018453,9.42277873163489,9.10383931598082,9.90550138873796,9.55724503895118,9.77953568290092,8.09047766749501,6.98651429937228,4.22976363619194
"AT5G24530",7.84791754079643,7.906048161795,8.40227522774896,6.01404509336926,3.68465901646997,7.34975130208301,6.72113028495791,8.02018469244957,8.45350196450804,4.97035716958621,5.52138276112162,6.38753054891508,7.07358057658868,9.431462527978,8.93760009562566,7.58961652427218,6.69818288422596,6.11525653982695,8.51431945934553,8.5990955978763,10.1323133391024,9.06566604823288,6.31270274029682,9.45393390896912,8.62048213592926,9.54524018278113,8.91843947250125,6.3221576797007,6.71994388563181,7.19423412651805,9.67918972286953,10.4087295674545,9.94640492880538,8.64382821845336,8.02520892372552,8.56965130752187
"AT5G22555",6.98813632609738,7.4184212754515,7.64863110817215,5.14122398502916,2.98862016935216,6.61898373641548,3.43721226595,8.64454358541112,7.09950811302826,2.79291207435723,3.97283546722713,4.3035985563051,3.306864940277,8.97823844363474,7.98064801707983,6.40184579518033,7.18909086916801,5.49020351377625,8.60692057137293,8.60271494612578,8.94679846769163,8.82187109649414,6.93813582804813,9.52904435342111,9.70712972301257,10.1990537615652,9.91246381283722,8.93748146199778,9.04119813151637,7.42617363180791,9.17890160420801,7.78184846685854,9.14307287105679,9.67342965412673,2,2.57732118396118
"AT3G56400",7.18479679537573,6.2980894744395,7.00989612953629,6.59834786278641,6.31813680175893,8.18388856337341,6.03313563306244,7.66938095167154,6.72537474681728,4.67178389486643,5.74769904058462,6.90854702259024,7.14543744214914,9.3981550173267,7.71542006544599,7.14502210112122,7.11971079906525,6.78491360910724,7.75064987507228,8.20576598012642,9.86453422058991,9.21424069843001,7.7663641423281,10.1920713428653,7.97166747614151,8.25663092950082,8.53057520870125,7.22114055007414,7.2728294338375,8.32783470430697,9.25496570071597,9.28480346371291,9.43821260782647,9.45307951809127,7.88113004502019,9.83658836022506
"AT5G05500",6.09599382986532,7.97529136969326,8.23343365645977,3.30261768275283,4.44076306045405,6.0630822274694,2.31498167372888,8.66565303282641,4.67453925423062,2.98313589108561,5.32480312378737,5.14954439752868,4.37195684867146,8.79204342194556,6.87582175659137,8.00268133827347,5.32968123271952,4.96804700184166,7.64978004838351,8.62779928850509,8.90925643061614,8.86746929059238,4.73058463249532,9.34874314075351,9.38355627481411,9.96459182601941,9.59790203639503,7.97457886854825,9.63595760000409,8.8874755196173,7.88505753315248,7.96312296939062,8.66072553714367,9.77860204151597,3.98957049505206,2
"AT5G66170",6.87275074817746,7.34183173486569,6.59143451753832,6.39545548287772,6.67847515612134,7.15471218515695,7.37515453852202,7.24284537118943,7.38791719394441,8.02187089870159,6.37478721658366,7.23504393200914,7.7368262804997,8.29575550938362,6.66760783323388,7.24183703652,6.90084523027001,5.82395743217912,8.36957737386806,7.35531676138141,9.0485933800113,7.2499997964304,7.32968408189753,8.49996998292294,8.64179805749851,9.1843263649606,8.89776877628401,7.72501328303905,6.83639255640329,6.99753482054187,8.36005239028177,9.74233013887744,9.75029359019778,6.9378344399351,9.85187042014413,10.2750899245111
"AT1G56300",8.0632225310174,7.45927730188583,6.79677108921071,5.94702512021701,6.48595654472398,6.82048124280068,6.19563936951391,6.67680801444008,6.2563304714133,5.05756831274545,5.32480312378737,5.83662688334536,6.40225299749247,8.35770961340745,6.83900218916414,6.74351185624933,6.54025446410058,5.82395743217912,8.6105037911479,8.266351887661,8.99446253601221,8.54339187146675,7.04909878230461,9.0355484916676,7.97166747614151,7.81474094755637,7.52314394979142,5.05466036380611,6.20765484720946,5.26242343788022,8.84845403215788,9.21975100323764,9.039439060642,6.72708450635276,7.30835497918056,8.68453497535324
"AT1G51420",7.65884634209193,7.76325657587005,7.62007155255747,7.14848158809637,6.00093433601574,8.21760101859352,6.01147262778901,7.80240027945968,7.73146232177908,4.55674513063179,6.19444555037952,6.83582988800842,6.83366374688264,8.55572602560236,7.45651695299204,8.20834238574519,7.8276033542523,7.80955810753061,8.79816329271101,8.45436481796722,8.78401874658057,9.17850672506698,7.55699198490296,8.50389509322362,8.37530124280873,7.25199666499305,8.19522302697558,6.45629542509271,7.4938269644759,7.40123757900676,9.01630448499922,9.23393987034308,8.94795527033503,8.97134478873854,7.831810509731,9.12177596306296
"AT5G01210",6.15645149334554,5.70472616869227,6.22494118930394,5.18065441207926,4.83830419913394,7.55205824841616,5.80030770163607,6.6057730495381,6.62877820611348,4.29485007985443,6.32301155748094,6.35320525462105,6.95289316296978,7.01216349162349,7.86941605745875,6.66188328011486,6.61418931457607,6.96458111257073,6.95683265754596,8.35056085267275,8.8915942493983,7.749447974643,6.08162475544811,8.13014461555104,7.55118932492147,8.75606616896954,7.18584078075324,6.71905073817201,7.75940400723477,7.23243530944944,9.47964551951558,9.31848278039781,7.6363626316251,7.43938158643179,7.01992729181805,7.20639161381575
"AT3G21510",6.03289138778539,7.85796794224955,8.40646219981567,4.2224649841461,5.62284744005034,6.80788918033985,5.6955258294936,7.58325378366584,6.90109297669594,6.19672076889554,4.7762676487592,7.07575876974632,6.53047657122566,8.21197914217361,7.88153682131082,5.93024229788297,7.27365533697039,6.62310177508203,7.45626457664599,7.72434414043313,8.1734654453076,7.40646829026409,5.90405675337918,8.84137465079491,8.52429071564162,9.35863213738046,8.99828206519354,8.66703228990743,8.13782108198921,7.64021694746021,7.94369285452221,8.07769458059119,9.12799447309194,7.97157265801505,7.09500708463222,7.5623999586862
"AT5G66780",5.63989632082972,3.44350680134479,2.98791398048471,3.30261768275283,2.57738592933968,4.3012309429508,4.49465143228564,3.78983701144163,4.61814578138029,3.43793378745513,3.43641594580392,3.30820281945934,3.306864940277,4.62545393517696,2.99020286314461,4.73309123487921,3.30345791020203,2,5.60289228137979,5.39191899583306,4.29281253855925,4.66177596074937,4.14775175227843,6.5045477430615,5.72297116063866,3.31860893367216,5.30009992179548,2.79151542039395,2.57754580501597,4.56363725433724,4.88239081875413,5.49986484835922,4.72974374459896,3.97839205393161,6.21564181406787,9.81152637665992
"AT3G22121",7.3230925112347,4.83636546984739,6.80947454435183,6.58371455374224,6.62192703950507,5.83386531162626,7.60226655769824,6.84662711727842,7.51689714794486,5.89905903363532,6.25095370106116,6.88471291439391,5.18700492975865,7.13855522026679,7.64606467052396,4.88471233429891,5.77866900509224,6.11525653982695,7.57105200752716,8.38879632443366,6.975885422668,7.93221225542774,7.18166149177033,8.86902772382837,8.74060547998213,9.19417389247526,8.59068557366502,6.65073150911371,7.78539189973598,6.27946100388888,7.87906076876013,8.86906358698024,8.2282165328368,6.43187399207123,6.79393165752943,4.68096292656912
"AT5G07010",8.05265712730808,7.04174066857326,6.82206711659899,5.80285338720999,5.53369755764151,5.99805812381415,6.90859707636069,6.41949800877014,7.1698553054561,5.66915037378368,5.25283696269051,5.40546642554922,7.08406757611494,8.23102104668649,7.31174735668063,5.43615890548441,5.80416499679679,5.69413745806984,8.62120036010954,8.13254340337473,9.15605826695128,8.56937844814162,6.4484581987148,7.93463473362831,7.01095138530661,6.43766231422766,7.28922461922083,5.94243967152554,5.62329278035005,5.3691495456843,8.27583637061917,8.96007429576191,8.23761269637137,6.46426602765758,6.78099710161661,8.25802308605937
"AT5G41280",6.07526484886006,6.54581722341209,6.14701018917236,6.61283423477772,5.53369755764151,7.03015058942385,6.09623875521143,7.82133614574809,7.99772082493884,6.19672076889554,6.85971982082886,7.1871298772881,5.73157549045778,7.4863460960063,6.95824696632387,7.04123984793036,7.91210621258913,6.84732218277725,8.37801111527329,7.69073005615204,7.95277930655676,8.58037384136272,6.74067132058174,8.47619238342192,9.12813463739474,8.42915616596701,9.221439972617,8.1181143443149,8.03866810469349,7.26043669146168,8.22945528709426,7.50597363558451,7.99880197957216,8.09565640247711,5.3449934305955,2.98852279382104
"AT5G13330",6.68027584243626,6.08488750283394,6.20584952952824,5.05897495915512,5.59373864929028,7.9688454424427,5.09826312816022,7.02056023884942,7.69784501042686,3.43793378745513,5.3933493103621,5.76009252005865,7.12526949843067,7.79863587539159,6.63933400379539,5.186624449243,6.36288841689276,6.91881473490288,7.76358165084596,7.79564877288881,8.38179745110668,8.24019254944917,5.78084305496138,8.85373038854718,8.28786406772896,7.85874518056487,8.21922306905654,5.7204456623461,7.58542713172648,7.40123757900676,8.38565702970894,8.48210822088431,9.0313579639832,8.21942821662791,8.45791001314507,8.31709033245341
"AT1G49720",7.28749039779607,6.8212663525109,7.28922451623559,6.25474873898953,7.24453451347335,6.35038106732808,6.23355810412399,6.69060473724649,7.77724816804758,6.09731570372263,6.73319975114327,6.33573141241354,7.21388446898599,7.37090934388963,7.44022019421427,7.06260215723844,6.67072480687934,6.34024752617256,8.43166050543632,8.65245492916356,8.71204936078045,8.66199820567596,7.03837875253998,7.99723299842782,8.17542471541666,8.40815680756311,8.25216619530334,6.45629542509271,6.56353588901983,7.20387967105216,8.43962233971181,9.01314387978378,8.70542836035506,6.61613956869762,7.38728769892746,7.11716380120618
"AT3G22120",7.48114982125674,4.56407273509195,5.75886479944192,6.6271765912745,6.26373272820448,6.29731695218164,7.54310063880948,7.31587704251454,7.84638430033052,5.61267227861201,6.05329142791583,7.39544497062838,6.20498015190617,7.32733621149604,7.32067744654252,5.56149426234026,5.39825247127362,6.15527688354152,7.34881348465601,7.49429679578473,7.65771364682024,7.84372231238782,6.38217667908284,8.72176961868993,8.52429071564162,8.84000209802072,8.61982692438481,6.84668800944096,7.38755572385659,6.85789091965567,7.76011367832758,8.53654533966192,8.06363301034177,6.85474854925175,7.09500708463222,4.68096292656912
"AT2G46680",6.09599382986532,6.87056447479859,6.51593716482601,5.43007162428168,6.48595654472398,6.78237046392777,6.34167784169628,6.7445089024109,6.67097106965151,5.39552701036224,5.35948327969691,6.46993227753604,6.61967906811542,7.08723073021895,6.48900326504685,6.49906464831901,5.46371186808811,5.25262053468247,6.2796086253802,6.32150974370572,9.24683839666868,7.25915229703501,4.92934335054628,7.07873207425619,6.32475381711589,7.70192910208747,6.99884679015857,4.14104940996578,6.28255608752515,6.53006036137849,8.21524512660636,8.17405448592727,7.05877933351747,6.72708450635276,7.6516887313547,7.78472326014499
"AT5G15120",6.58083740113176,4.06830488468951,4.56476251620042,5.72497812949813,5.86135356171052,6.97489886098679,4.49465143228564,5.93121007845036,6.29281666224762,5.74992658421053,5.66693313845057,6.51720485134588,7.80180290436494,7.7728798257299,5.11188236722391,5.59119770867343,6.34562833571902,6.94187939603733,6.51193269795475,6.37328261715527,7.33944238639269,7.43904920099027,6.86721583432638,7.72868082808207,5.39500871223243,8.7427082616583,7.24314819057075,5.94243967152554,7.31804097068691,6.46737347076734,8.25283220853272,7.41757148194778,8.18515963840188,8.11618742326878,6.90540282101274,4.97985456976891
"AT3G53160",7.89006953873989,4.50285515045054,4.3726985230048,6.46097630943461,5.47104880034233,7.7947235926482,6.78636361733085,5.9542683269985,6.64298004362481,4.22120910788648,5.98829614427397,6.2820029721712,6.92982255563577,7.1079801425329,5.15246160480357,5.88299210842642,5.294133379701,6.21329982525217,7.46420783571155,7.50980091625423,7.9241082324195,7.6693255161633,6.77981357368187,7.81966899905816,6.90914913207943,6.53386117899389,6.41979450809268,4.05907735982696,6.50217615004355,6.97517943203739,7.44806948668663,7.79466836670118,7.93091996698681,8.00498522357818,7.05258391975012,8.84133909227204
"AT2G18690",2,4.93235595967275,5.06606576830676,4.06280600237964,3.15727518638845,5.90653305984143,3.15054619499409,5.10752896568434,2.98475144279221,2.31520608834356,3.67538302066586,4.3035985563051,5.33483600223902,7.86718201053781,5.83968432035097,4.37161201000343,6.62853224198679,6.40806961001321,6.6850464578681,5.89533925497472,8.29936070619726,7.38989769519917,5.64611524783484,8.32021269025198,7.35003995315372,5.38730940942535,6.45255917080225,5.05466036380611,4.83872111603483,5.06487329776829,6.80558649596478,7.49815720977643,7.69210359909543,8.03224981531752,5.86966839869349,4.30352048101543
"AT2G15960",4.87632015594851,3.78946799160195,4.43960144239796,4.2224649841461,4.56594594006955,3.56773555968808,4.36399228681479,5.18754642821511,6.39704533590048,2.57374169311965,3.56084163131846,5.02424673795774,6.38539307423703,6.24600001338208,5.26776987464861,5.06488000540517,3.56442540016955,2.98182789067923,6.06656528478244,5.42500483686014,7.0835168703642,4.54689235610993,3.97862454875822,5.91216518949554,6.73496467189533,7.98890425785,6.99884679015857,3.29970377664866,5.4391137692399,5.95329234339166,5.92773319431416,7.94022916938061,8.7121844163278,6.65874994384234,7.90517163317079,7.14752372624481
"AT3G17790",4.06052272787914,4.88515891489546,5.1078038215356,4.06280600237964,4.56594594006955,4.14980679796139,3.78239116425812,5.26335806213055,5.18213954180463,3.56243292922456,3.43641594580392,5.56394034042702,5.14755273862796,6.08787093581939,5.11188236722391,4.73309123487921,4.43418593996334,4.21912913275452,5.79148231956643,5.55024534948459,7.11430046771241,5.88797976639158,3.88599361144167,6.91150917354423,5.2170978193407,8.88629422719021,7.77706488686601,3.14935872121469,4.98044925640656,4.73308476264146,7.51146724982598,7.63275598361016,7.28407245080405,4.83311630174802,5.44678006820017,4.56578278244452
"AT4G13195",7.06374440542801,4.22814478280349,5.1078038215356,6.03571063071184,6.48595654472398,6.22338512883351,5.94446073242045,5.46947040946826,6.0796597447947,3.88208859485096,5.52138276112162,5.40546642554922,6.64822830118624,7.27324952594711,6.72254556838289,4.93190712863869,5.32968123271952,5.69413745806984,7.83270585008463,7.96830728756865,6.73305255100595,7.64857979585349,6.08162475544811,8.65979094585406,6.81220360384071,6.60940004187272,6.3344715891537,4.14104940996578,5.15006178249741,5.85876664272256,7.62331427213955,7.76891362625765,7.47094410155215,7.10123320768242,8.18102500564554,6.70575039847116
"AT5G02810",7.49682299604273,6.08488750283394,6.31678421695437,5.92397493948835,3.4449325555676,5.78330357142545,6.72113028495791,5.78453988927093,6.36313228617407,3.30166737891328,4.5547478697632,5.62275702353954,5.85917169749677,8.03909279049248,7.13064338134106,6.60477990458912,4.063880769013,5.39313052818086,7.39109315531099,7.82693044665723,7.95277930655676,6.61424729321232,6.54249853689631,7.7420357785936,7.58826019036339,7.69501019849108,7.40255989215838,5.66610512433927,6.02339405554604,6.27946100388888,7.84869725310408,8.44192726522434,8.06890635576323,5.99527891444517,6.84454050711768,6.37037681066817
"AT4G13390",3.15040324429965,4.83636546984739,5.37037277841025,2,3.68465901646997,5.5909249848129,2,2.79686972153975,2.79429462254448,3.43793378745513,3.78149560279614,4.73536186320503,4.1503683180488,6.98997820359111,3.1590351755859,6.53006764966532,4.14593644696984,2.31468669532409,5.54414913163484,7.46277956863864,5.92009118326194,7.75592824994604,3.30485314545602,7.58044113241202,5.55336884308226,6.59460537360607,5.78482835326077,6.21267825034361,7.60014394498771,8.60398939736171,5.46608563517638,7.57447873736726,5.4649437967798,7.18135852503347,5.3449934305955,3.1571668956597
"AT2G44080",5.45969734338245,5.50065809731122,5.86002757881536,5.18065441207926,7.0863417597393,6.85761112896041,5.01361941620149,7.18553829418129,5.92553415273805,5.32696968669285,4.72399419500562,6.40439171922058,6.60518975968088,7.37090934388963,5.33982075508198,5.80908211634123,6.72512811163939,6.47284597673069,7.02285855391806,6.84602967805981,7.313147487207,6.71080399251357,6.34785786475199,8.17514568995767,7.48982039100258,8.2706597900402,7.64863121175339,5.79830140372147,6.83639255640329,6.7032674900041,7.43994523342103,7.7624024554569,7.16108092007236,7.51863525503989,7.5409636563847,8.47705611531997
"AT1G12040",3.97358273839206,6.26159603618806,6.10640702391989,3.43894252968014,4.62468648143953,5.62002869516747,2.31498167372888,5.88395762780679,3.15297216836127,3.56243292922456,4.21931900110919,3.15722090315833,4.88508188844317,6.97875629973508,4.50733935040734,6.6336141003119,5.294133379701,3.88015919448414,6.02420822584561,7.24847187323728,6.96466711178587,7.20334553376181,4.06566508135944,5.86411536615663,6.92082178714216,7.41244607390994,6.53135611376553,6.75854138298019,7.56306654063516,8.05690226485774,5.40061526467083,6.75633806810285,7.34619725909501,7.9315874009417,3.79742377361309,2
"AT1G22770",6.05423368183566,6.3684185588162,6.29887740703411,5.87673943019549,6.14835385449554,5.43588898147123,6.93184839814438,4.97851107224958,6.10039267361057,5.64118768151543,5.77364655025218,6.83582988800842,5.56188548363244,7.02312949921786,5.91237358221527,7.26965842097182,6.3104760537499,5.42621926027683,7.73103223746547,7.77654893231087,7.89485579709242,7.72983064856736,6.65904916277874,7.34692303948399,6.49057884117719,7.03902600971326,7.15631018718754,6.73233475707032,6.66501012952175,7.1349660540299,8.03820960310664,7.78827265656084,7.87782661637204,6.74037142327633,6.85692010968415,6.79795463185501
"AT4G33070",6.44200846259057,5.40351428735368,5.1078038215356,4.49690758132609,4.15218403965692,6.27918614252786,5.80030770163607,5.50113142701034,5.97127545141281,2.98313589108561,5.01251307654257,5.6512899362241,5.73157549045778,6.18871334699969,6.06896557313185,5.59119770867343,4.83136857718848,7.72565786613211,7.25119228363418,6.8822176064366,7.0835168703642,7.12541100508907,6.49624447045908,6.9465403725945,7.12634727024133,7.97183178024917,7.27097025447808,4.14104940996578,5.06774667796035,5.02189656212488,7.83637062630226,7.40925969505501,6.49529825025605,6.06029483302526,5.37972638148276,6.50152521770792
"AT3G52770",5.695285773943,5.93072492663245,5.78482825524069,4.92607961934406,4.93431499312854,4.50218487239275,4.87654486705915,5.10752896568434,5.14270401645836,2.79291207435723,3.67538302066586,4.78770717626444,4.37195684867146,6.1290575381756,5.53661136156675,4.50242978539407,3.43983439240725,4.29274182562561,5.20810414312214,4.55343620373278,5.09701279921913,5.20701205692552,5.40037500846203,6.02572259410734,5.13929896264376,6.38704534759998,6.02160291842288,5.21465930140875,5.73419068458585,4.8847057477565,4.83361229447475,5.64850512834861,5.52756678456679,3.88576635896012,7.79368189691719,8.41185032431669
"AT4G33980",4.82757445401155,5.59167136315508,5.22622786093002,5.21903577121032,5.22749976693079,5.62002869516747,3.6762505520513,6.08537610450415,5.85408240340557,5.36165554342364,5.01251307654257,4.93422946246129,4.88508188844317,6.57888975265863,5.93581163680388,5.75761769529842,5.43135339896016,5.32458546141687,5.95824550241969,6.09356156649852,7.70567033004821,6.73724490008183,5.18399803951613,7.51970485217376,6.52157347044362,7.96033684572643,7.05326669171634,5.52056226061206,6.3006891797945,6.10513144033098,7.14241265358187,7.36696691832294,7.84131349940001,6.99438208439333,5.44678006820017,6.12800889311192
"AT2G43570",3.3008331255878,5.4689980973546,5.30009982683739,2.98392599256067,3.15727518638845,5.10635059925233,2.31498167372888,4.93280714768455,3.67928314708287,2.31520608834356,3.67538302066586,4.50463077664155,4.22807471189941,5.76103200631933,5.70975244762433,3.44318022328115,4.22357516723579,2.7917928844058,4.76922711354231,4.61207488399485,7.0835168703642,5.68562249887429,3.30485314545602,6.63911974265506,4.14316296119249,6.3522863705467,4.62349354811233,2.98150359123071,5.26534667374845,3.30660576041587,6.51208160318226,6.54498434169946,6.16189848803261,8.35948247517091,3.45058719629811,5.47087019252989
"AT2G36470",4.43058862718866,6.06384745424751,5.73242551610395,5.14122398502916,5.02433304735358,6.12530157172511,3.15054619499409,5.56244226330072,5.1021601693823,2.31520608834356,4.059760524213,5.33685848201311,5.29927397167448,6.74706095588765,6.3032562878709,6.26110646502261,5.69936068450224,5.35926504412237,5.31738100480814,6.30383084799056,7.1444409174038,6.67021119831854,5.14455614150364,7.03600000116581,5.46045301438454,7.103149039901,5.90806761314414,4.66899775730148,6.1488112038567,6.59013647657938,7.11205588976179,7.85711280358438,7.8657579656223,7.18135852503347,6.51024726961426,5.76000183884511
"AT1G06460",6.30628361863634,4.50285515045054,5.53239656688098,4.77968883465065,4.83830419913394,5.88271486550764,4.67081965616822,4.50328275622857,5.6721614453482,3.43793378745513,4.5547478697632,5.18900341802138,5.26281314524452,6.37143528957431,5.78910695859797,4.06791155257691,3.67910686079062,4.87524527392184,6.62961826785972,6.32150974370572,6.75925968188942,6.52600767912079,5.10400555847014,7.26603103740742,5.80083778414546,5.94901794009789,4.88587679043095,3.56024754712417,3.89052324071078,4.93190050889972,6.54275253817053,7.4258356563904,7.90166520083989,5.18372077189936,6.49448663521737,6.43744075951918
"AT1G48930",4.61423610258583,5.93072492663245,5.14836824163382,2,2,4.50218487239275,2.31498167372888,5.67776075223939,3.15297216836127,2.31520608834356,3.97283546722713,4.22984067118715,3.68304513209138,6.33669552239669,4.79051887182268,5.75761769529842,4.55924511791428,3.56068179766225,4.76922711354231,6.21203300305491,6.67916535370789,6.27844705090229,4.14775175227843,6.19065075946097,6.47482819007635,7.47840353790635,6.87136632709566,6.54930017602824,6.94413991429767,7.17474739064136,5.80658845777603,5.90648057104323,6.54155093202698,7.21981193426155,4.23694699305412,2
"AT5G48175",4.49443745653309,5.95378263545949,5.93150062532152,4.83015436394363,5.02433304735358,6.31522273126222,3.6762505520513,5.06579197123796,5.3984844872319,2.79291207435723,3.14985238695893,5.18900341802138,4.9779799852631,6.35416996916701,5.56694995211069,5.46852824570695,5.77866900509224,5.25262053468247,6.10771414228694,6.19295110190617,6.93047908839564,7.05358408195666,5.99557093234974,7.52743819905184,6.45890368109378,6.74955674001484,6.18650193137384,4.72323147099769,5.56447412796157,5.22501839320305,7.04935615556334,7.27846972224813,6.92559775777163,7.22926724825211,6.74148273670144,6.00075028602148
"AT5G02230",3.67607181632051,3.78946799160195,4.22879776672576,3.56349044493806,2,4.3012309429508,2,4.97851107224958,4.06407579302127,3.15117487595064,4.29293427712239,4.15210777389477,3.15598304557054,5.18990655706632,4.68382076273373,5.10661347179381,5.49536045617872,4.82650539789321,4.76922711354231,4.36170150369155,6.59436168646692,5.88797976639158,3.15412181679434,5.30404444267354,4.92419419757009,4.24355860758174,5.22622795532439,4.61264538921537,5.47148977600642,6.29759199991855,4.78312664697816,5.40272639439683,5.9946429186396,4.36898061795148,4.79542931386921,8.03799747663465
"AT1G11210",2.57328117374159,5.18708423323998,4.73423540097338,3.88325365244497,4.73544549113192,4.14980679796139,2.98257082987955,4.7863077585826,3.15297216836127,2.79291207435723,2.31473408427257,3.56970410301707,3.68304513209138,6.24600001338208,4.84104761591614,5.14717355938336,3.15283111737515,4.42957511428471,5.24545703919353,3.67429730281608,6.93047908839564,6.51076174114731,2.79517918582282,6.48878998764384,2.79266993806511,6.2801504578476,5.2636367057791,3.43584930507916,5.22793270567935,3.56792759577162,6.57278497584062,7.31452260080896,7.3634666871835,5.40009296594792,3.45058719629811,2.57732118396118
"AT4G12290",5.45969734338245,3.88852363133513,4.22879776672576,3.43894252968014,4.30367702889024,5.62002869516747,5.55284642920916,4.43934783520958,5.49559405459067,3.43793378745513,4.49361280716357,5.37157025015402,4.37195684867146,6.1691008922627,5.59666366716381,3.68275083563625,2,3.88015919448414,6.46520191808071,6.32150974370572,6.73305255100595,5.60176845936044,2.79517918582282,6.40731123831223,5.96768020209681,5.82774302692805,6.45255917080225,3.67476568179041,4.93473627276861,4.56363725433724,6.41595100578966,7.0300960715125,6.96006339075753,4.22517329246755,7.14633978974171,7.03293450777054
"AT5G18470",3.15040324429965,3.78946799160195,3.56882520298744,4.29612301086181,4.93431499312854,3.30643313414329,3.8812551884262,5.40398442253679,3.43999623932672,3.97462933221034,3.97283546722713,3.44487029667066,3.306864940277,4.62545393517696,3.44695094813941,3.88814664480989,5.49536045617872,5.96573733439152,5.31738100480814,6.2494559343712,5.74755747635869,6.44811388358005,4.67630077708907,5.0269345283227,5.42810192141437,6.2235783052882,5.33566422557756,5.13687673836663,2.98886060918779,5.95329234339166,4.36944589069085,6.58980482034418,7.68525262314559,5.58820632968223,3.45058719629811,4.78762344753549
"AT3G23150",5.25373444018659,4.37202872440212,3.88912959578442,4.9717518563816,4.30367702889024,6.02006007260528,2.7924285620237,4.22855317757705,5.29436357634847,3.97462933221034,4.92260209920855,4.22984067118715,6.105541201782,6.18871334699969,4.37642188095074,4.56364358377926,5.82921822464121,6.01006140607202,6.81495987321916,6.96328497511126,6.975885422668,6.33147440982148,6.75383708954881,5.98136636310761,5.94499471199339,6.69511685630053,6.18650193137384,6.13478586812978,5.4059944896227,6.33318440415683,6.72763966676817,6.70293475015194,7.1108367132876,6.44816091801732,5.54185618926178,4.37368924981005
"AT5G57540",2,2.98750247264091,2.98791398048471,2,2.57738592933968,2,2,2,2,2,2.7918950175761,2.7975644961925,2.79661159819368,3.89083818752818,2,4.9776068225949,2,2.7917928844058,2,5.55024534948459,3.97272148225135,7.16490445931796,2.31625886987925,5.62557259425121,4.82828859360384,4.580350489505,4.73423549077817,5.45796884875507,6.63673840772337,6.95247217437847,3.56615355889486,5.61997703023229,2,4.78263353698774,2,2
"AT5G24470",5.29016883360718,5.14763177092869,4.43960144239796,3.43894252968014,3.89016930148143,3.30643313414329,5.45993383690457,5.6212534157235,6.4464654764255,3.88208859485096,4.3629749066455,3.56970410301707,4.679151020872,4.56670722371503,5.76313743355176,4.22773853347907,4.29724825766659,4.29274182562561,6.43318537062739,6.54864727195987,6.26916335680323,5.93442566852853,4.06566508135944,6.00371494063214,6.28917243732925,5.35255687109307,6.84692734087423,3.78085830700469,4.6250925840258,4.06790575149612,6.91513764553169,6.52972931606573,5.49659504809357,4.78263353698774,5.86966839869349,5.06714692413898
"AT5G61650",3.7822066549706,3.56827495648371,4.88587669904142,2.57426641932828,3.15727518638845,3.56773555968808,2.5733664810013,4.43934783520958,3.67928314708287,2,2,3.68459122393579,3.306864940277,5.83757023647768,4.30622058118779,3.15574745104847,3.30345791020203,2,4.05349566578838,5.84733021176351,5.6388334783323,6.22339601248055,2,5.86411536615663,5.55336884308226,4.94937566643136,5.88424759465087,3.78085830700469,6.69273845708518,6.36791981644695,5.29647765925257,7.0728227164695,4.2983274161494,5.29595945045102,4.84598656326297,3.98274976850685
"AT1G02450",2.98244234864469,3.30691801797066,2.98791398048471,3.30261768275283,2,3.44299219914233,2.5733664810013,3.88890261647563,3.56459506412102,2.57374169311965,3.67538302066586,3.79100043867452,2.31692449792987,2.79799534795435,3.57188481093496,3.78910092035371,3.56442540016955,2.7917928844058,3.66972286177469,4.05855901781386,4.77613702477529,4.76818215923689,4.29911628958721,5.709546290442,6.17683908238745,5.24297508589527,5.43738126540072,5.05466036380611,3.30855046741178,4.50242351180292,5.70177007726561,5.64850512834861,4.49918515203392,4.36898061795148,4.51207016068351,7.4369130602549
"AT5G19790",2.79231862684161,5.97647761673895,4.67992674486375,3.30261768275283,2,2.79630410064126,2.7924285620237,5.02281146664164,2.98475144279221,2.98313589108561,3.43641594580392,3.68459122393579,2.31692449792987,5.30220236771546,3.68685666514634,5.186624449243,3.56442540016955,2.57287322942405,4.21284670348216,6.21203300305491,4.7238643948321,6.22339601248055,2.98578494642315,4.88967326929365,5.85050789804097,6.40411575406154,5.67804748246996,5.09635414069162,6.78579422639788,6.40183853754039,3.88618720189966,6.08406864812369,5.01844811054714,6.34756161469688,4.38105694091305,3.1571668956597
"AT2G28690",4.77712396586457,4.62279808042954,4.43960144239796,3.15205388779502,3.98289641495081,4.62211634478595,2,3.78983701144163,2.98475144279221,2.31520608834356,2.31473408427257,3.79100043867452,3.44345047105287,4.78857465631043,4.23242779179997,3.44318022328115,5.22029690697596,4.77606115029612,5.4512905911893,5.69290191472441,6.60884634121503,5.91138961841717,3.44131529987084,6.11054220755023,5.69605282466516,6.06088412061669,5.78482835326077,3.78085830700469,5.90984913428942,5.50018028829036,6.64523973775587,4.93159983330381,6.52629754176493,6.16253914250547,2,2
"AT2G05520",2.31493065467361,2.57664285641292,3.79005802361779,2.57426641932828,2.57738592933968,3.44299219914233,2.31498167372888,2.79686972153975,2,2,2,3.68459122393579,5.29927397167448,4.23063882115225,3.89249859308902,2,2,2.31468669532409,4.05349566578838,4.14052202662216,4.6696263551946,3.55458717760796,2.57550137785331,6.98074107791327,2,2,2.3171058510353,2,2.98886060918779,3.44317540683928,6.33063957870197,6.45093650311562,6.08069314645319,4.92907270139001,5.54185618926178,5.02416086506872
"AT2G20520",2,2,3.44403176363516,2.57426641932828,2,2.57637474299612,2,2,2,2.98313589108561,2.31473408427257,2.7975644961925,2.31692449792987,2,2,2.57647270033298,2,2,2,5.94180200373461,4.36285168897258,7.17461117940381,2,5.78889988831224,2,2,2,3.29970377664866,2,2.79642702799109,2,5.67648002833909,2,2,3.16220669036316,2
"AT5G42900",4.43058862718866,4.30187975331126,4.93307735945582,4.61674865548852,5.59373864929028,5.5909249848129,3.97377664299662,4.15083959977758,4.29745243743941,3.67703655893263,3.43641594580392,3.68459122393579,4.56399871448156,5.50354835672915,5.15246160480357,4.93190712863869,4.14593644696984,3.78132414527818,5.60289228137979,5.21405074515934,6.975885422668,5.93442566852853,4.22541821733431,6.08980021563352,5.69605282466516,5.87748287068803,6.54661191327186,3.56024754712417,4.50511113057181,4.06790575149612,5.40061526467083,5.43583793925395,5.80542272585603,4.83311630174802,6.51024726961426,4.22976363619194
"AT1G54970",2,2.31694206777384,3.15648981951779,2,2,2,2,2,2,2.57374169311965,2,3.44487029667066,2,2,2,2,2,2.57287322942405,2.78841697022203,5.57992749986471,4.29281253855925,6.85057509707049,2.57550137785331,5.0269345283227,4.43126568512196,2,4.50353893524396,4.21861326126874,6.10820496522566,6.46737347076734,3.30501112053648,5.67648002833909,2.79475973293804,3.56577148159241,2,2
"AT5G22270",2.98244234864469,3.78946799160195,2.98791398048471,2,2.57738592933968,3.68254607679838,2,3.30722738352889,2.57481472461755,2.31520608834356,2,2.31736749629105,4.9779799852631,4.30440748131853,2.99020286314461,3.88814664480989,5.10193369628597,4.87524527392184,3.55539504527325,4.42848471950459,5.52124313087806,5.28076849318006,3.44131529987084,6.40731123831223,4.43126568512196,6.38704534759998,5.59243274116866,2.79151542039395,3.57009078399377,5.43615199127982,5.43372180366929,6.84528608892929,5.39947870263722,5.36621012738327,2,2
"AT2G20560",4.55557990386512,4.83636546984739,5.14836824163382,4.36620233818352,2.98862016935216,3.15558354015056,4.72506590275207,4.30229366875453,4.43439484176139,4.67178389486643,4.5547478697632,4.15210777389477,4.22807471189941,5.70765333533263,4.37642188095074,3.88814664480989,3.88428361371896,3.78132414527818,3.77565213552997,4.36170150369155,5.35934523141731,4.4858272237027,4.88216142434521,4.79032791805907,4.22075922351119,6.82754844099811,5.06606586137511,4.05907735982696,3.79141505059157,5.3691495456843,5.18423422898128,5.97566276467407,6.9021545684075,5.18372077189936,5.44678006820017,5.18891624632273
"AT1G28480",2.98244234864469,3.15603215347149,3.30741267387911,2,2,2.31678157699654,3.3009876801618,4.73397120583325,2.57481472461755,2,2,2.57735347397832,2,6.60831512964175,2.57843847404845,2.98724649070648,2.31579760311848,2,2.57025451831215,2.57243453094037,6.47293082036334,3.43045095523391,2.57550137785331,6.13099020838882,4.36445243856219,3.16685196606733,3.9818328678895,2.57265794756945,2.57754580501597,2,2.5755886819709,4.6784919375132,3.30426387917669,3.88576635896012,2,4.83813533779021
"AT3G53800",5.32570571791568,4.97805776372525,4.93307735945582,5.39697373725788,5.14963171307016,4.67853939192832,3.56167649964282,5.10752896568434,4.29745243743941,4.36491396953517,2.98194726109814,4.97994006732246,5.59158966761941,5.10987251243103,5.19193061128594,4.83592129451219,3.15283111737515,4.49341394799521,6.43318537062739,6.05180585880845,5.01237908011225,6.44811388358005,5.10400555847014,6.11054220755023,5.55336884308226,5.60962638945771,6.41979450809268,4.4290400880235,5.26534667374845,2.79642702799109,5.95078757088451,6.10480552525644,6.23877554928608,4.73032002497918,5.44678006820017,5.62266706405169
"AT5G61660",4.14251997181814,3.88852363133513,4.93307735945582,3.15205388779502,2.57738592933968,2.31678157699654,2.5733664810013,4.37244763647089,4.43439484176139,2,2.7918950175761,3.8900974446776,2,5.43950525936214,4.23242779179997,2.98724649070648,2.57473049393913,2.57287322942405,3.77565213552997,4.96687915805151,5.94313701652291,5.57269790169533,2,5.19173182101483,5.057064383188,4.90209379692173,5.37037287387847,3.67476568179041,6.02339405554604,5.95329234339166,4.88239081875413,6.64747839647014,3.78630143348007,4.43584317076445,5.6595993686324,4.06987229954806
"AT5G18270",3.3008331255878,4.62279808042954,4.88587669904142,3.78433684970633,2.57738592933968,5.83386531162626,2.7924285620237,4.30229366875453,4.14613486038434,3.78320255212686,3.67538302066586,4.22984067118715,4.88508188844317,5.22831792894844,5.73669185643461,4.7854222399463,4.83136857718848,4.05957672838299,4.05349566578838,5.57992749986471,5.82404000345969,4.91438293071005,4.29911628958721,6.24794179884563,5.85050789804097,5.66732413584558,5.62153917519081,5.05466036380611,5.06774667796035,4.67878391641774,5.46608563517638,5.67648002833909,4.92848325918911,6.75353708637145,5.71505310558154,4.30352048101543
"AT3G10040",4.43058862718866,3.98121287507283,3.15648981951779,4.77968883465065,3.15727518638845,4.67853939192832,3.78239116425812,2.98775983331822,3.67928314708287,3.97462933221034,3.43641594580392,4.73536186320503,6.1660231204535,3.79172172696707,4.73815598314566,4.43850314362242,3.78533963793138,4.49341394799521,4.86833343320239,5.51993966448929,5.17695551820032,3.87344226711224,5.29623928421571,4.98261612105979,4.96985752736133,6.65289495677061,5.59243274116866,4.29221893401382,3.30855046741178,5.10660673819927,6.03948861384207,6.06302935302581,5.22150627708683,4.88189213496192,5.94117579446619,5.33677026453442
"AT4G03440",4.55557990386512,5.02235616585067,4.93307735945582,4.9717518563816,4.68112862828241,3.68254607679838,4.06072050593375,5.02281146664164,4.29745243743941,4.55674513063179,3.43641594580392,4.78770717626444,4.679151020872,4.23063882115225,5.26776987464861,4.22773853347907,5.25768745640924,4.36278011682679,5.86532437284832,5.60901125745916,5.7989936525937,6.02305886774518,5.55879363086738,5.30404444267354,6.03367182347439,5.38730940942535,6.26238298822963,5.77281348951534,6.02339405554604,5.67679899230232,5.99581968444213,5.29857227249152,6.05965696191799,6.25801443886864,4.63217006238935,3.8900259520015
"AT3G04070",2.31493065467361,3.30691801797066,2.98791398048471,2,2,3.15558354015056,3.6762505520513,2,4.88035643242586,2.31520608834356,2.57295247597719,3.98282290551948,4.62272345893189,3.79172172696707,3.44695094813941,2.79643025976103,2.98462464740555,3.67521693149994,4.48683332755578,4.42848471950459,5.77350478305999,2.97727867459098,2.57550137785331,3.15891192121607,4.36445243856219,6.08225290261413,4.62349354811233,2,4.6250925840258,5.43615199127982,4.36944589069085,5.70392277722939,5.8304776225306,4.06542795802941,6.03131893385846,4.50455012171829
"AT3G10710",2,4.50285515045054,3.44403176363516,2,2,2.57637474299612,2,2.79686972153975,2,2.31520608834356,2.7918950175761,3.44487029667066,2.31692449792987,4.30440748131853,2.31801722023288,4.9776068225949,3.88428361371896,2.57287322942405,2.78841697022203,6.2494559343712,5.42629984016704,5.35093689219798,2.31625886987925,3.89233549964142,3.67664295815345,4.38783738812366,3.30741273686443,5.01172568915708,4.50511113057181,5.62029491335688,3.88618720189966,4.1497632321542,4.56037003222147,5.43319826535115,4.23694699305412,2.31734816326183
"AT1G79320",2,3.78946799160195,3.56882520298744,2,2.57738592933968,3.88792959251475,2,5.06579197123796,2,2,2,2.7975644961925,2.79661159819368,3.30880762287158,4.44336512087897,4.06791155257691,3.15283111737515,3.30009393396537,4.71699816838635,3.55979681801586,4.2191988965183,3.87344226711224,3.78700456317016,4.93689302382764,5.32645403770343,5.48680987752528,3.79005809874502,4.66899775730148,5.47148977600642,5.02189656212488,3.68090243534431,3.44295664526586,4.06491155022723,6.2763740495549,2,2.57732118396118
"AT1G64480",2,3.30691801797066,2.98791398048471,2.57426641932828,2,2.31678157699654,2.5733664810013,4.62323299277852,3.67928314708287,3.15117487595064,2.7918950175761,3.68459122393579,2,2.57768808575617,3.79333855965687,2.98724649070648,2.31579760311848,2.7917928844058,2,2.98116701168466,3.67527795770388,2,2.57550137785331,2.57836474614488,3.78279624334961,5.80221488383304,5.22622795532439,4.55400208200903,4.98044925640656,5.22501839320305,4.22562686006972,5.36883701351839,5.14367803336226,5.95024794768946,4.51207016068351,2
"AT3G05930",4.22010637908558,4.06830488468951,5.02308414089189,3.56349044493806,3.15727518638845,4.50218487239275,3.8812551884262,5.22595016248377,4.06407579302127,2,3.67538302066586,2.57735347397832,3.98114635371816,4.30440748131853,3.79333855965687,4.56364358377926,3.78533963793138,3.97265527333958,4.05349566578838,3.78037478070713,5.01237908011225,4.81857999915061,4.78289981627994,5.30404444267354,4.61493158547353,5.60962638945771,4.93307745130558,4.61264538921537,4.93473627276861,4.56363725433724,5.26002493307032,4.37132670890009,5.90313280583814,6.03894676542727,3.45058719629811,3.68452377512357
"AT1G01660",3.3008331255878,4.22814478280349,3.79005802361779,3.78433684970633,2.57738592933968,3.78888957798439,3.78239116425812,4.43934783520958,4.36754787284887,4.06159022221817,2.98194726109814,4.15210777389477,3.44345047105287,3.30880762287158,2.99020286314461,2.79643025976103,4.14593644696984,2.98182789067923,4.05349566578838,3.14898420207719,5.17695551820032,5.1292807689081,3.68071982347946,5.15226349205774,4.92419419757009,5.72280283650802,4.06893719403797,4.66899775730148,4.4411584790052,5.26242343788022,4.14795725636031,3.56769829241028,3.78630143348007,5.87995111451401,2,3.44480835367599
"AT5G25190",2.57328117374159,3.6831064744594,2.79700168806982,3.43894252968014,3.4449325555676,3.98060515552747,2.31498167372888,2.79686972153975,2.57481472461755,2,3.14985238695893,2.7975644961925,3.98114635371816,2,2,3.88814664480989,5.49536045617872,4.05957672838299,4.13537018156241,3.55979681801586,3.30014669941153,4.76818215923689,4.56119233096585,5.33961958476554,3.97420234451514,5.12438061479017,4.73423549077817,4.66899775730148,4.83872111603483,3.78909550663275,5.01954872087764,4.62206924073958,5.75396852730131,4.73032002497918,5.15755580528687,4.06987229954806
"AT4G35180",2,2,2,3.43894252968014,2,3.56773555968808,3.97377664299662,3.30722738352889,3.43999623932672,2,3.14985238695893,3.56970410301707,2,2,2,2,3.15283111737515,3.4362634945364,2.97788141219045,3.55979681801586,2,4.42206270164929,4.06566508135944,5.0269345283227,4.82828859360384,3.31860893367216,4.73423549077817,3.56024754712417,4.30406354968586,3.56792759577162,3.15426796173021,3.98056316672315,4.22463988987471,3.30466770622481,2,5.70662626105402
"AT1G16440",2,3.98121287507283,2.79700168806982,2.3155199667725,2,2,2.31498167372888,2,2,2,2,2,2.79661159819368,2.79799534795435,2.99020286314461,3.78910092035371,2.31579760311848,2,2.97788141219045,4.96687915805151,3.56074052532139,4.35534905431513,2.79517918582282,4.62717170268727,4.43126568512196,4.08323120031589,2.98791403288416,3.78085830700469,2.98886060918779,4.43849693094301,3.15426796173021,3.68250735825574,3.56532217693818,4.83311630174802,2,2
"AT2G46860",2,2.79664939768095,2.57691641474989,2,2,2,2,2,2,2,2.7918950175761,2,2.79661159819368,2.31756784890556,2,2.98724649070648,2.98462464740555,2.31468669532409,2.31312131098911,2.57243453094037,2.31470410700992,4.76818215923689,2.57550137785331,4.88967326929365,4.06115470942907,3.16685196606733,3.9818328678895,3.97216569344083,2,4.83591474345013,2.5755886819709,2,2.57517576059662,3.97839205393161,2,2
"AT1G25240",2,2.31694206777384,2.79700168806982,2.57426641932828,2,2,2.7924285620237,2.57681393917379,2,2,2.7918950175761,2,2.79661159819368,2,2,2,2,2,2,3.87918403135159,3.14976836855014,2.97727867459098,2.31625886987925,2.57836474614488,3.43757247433945,2.32082255607477,2,2.98150359123071,4.30406354968586,4.67878391641774,2,4.50213856019686,2.31606402118202,2.79504718071692,3.31359053139407,2
"AT1G79860",2.31493065467361,2.79664939768095,2,2.3155199667725,2,2,2,2,2,2.31520608834356,2,2,2,2,2,2.31684021217106,2,2,2,2.98116701168466,3.97272148225135,2.78790149132005,2,2.31797306399672,2.98285292023806,2.32082255607477,3.79005809874502,2.79151542039395,2.98886060918779,2.79642702799109,2.31631111548626,2.57635622072656,2.9852948805069,2,2,2
"AT3G62040",8.10472699275379,11.5683196413974,11.6977084551817,8.43564580171825,7.64293954100598,8.95728212854095,8.61274103086271,8.04187415763825,7.86467847086603,3.30166737891328,7.86514826226345,7.89032467631563,9.33031294387951,7.39643520716786,9.89480592530674,9.99961802299845,9.0354060474282,9.26743914584523,7.13657601302506,6.99668050567152,5.13753781182743,4.66177596074937,7.35582373250329,4.68363228562101,6.19617927505503,7.75611728902838,7.03174443164559,5.7204456623461,7.52501105121065,7.65435616074741,6.16308387201397,6.70293475015194,6.51088115490801,7.97157265801505,8.65863966554374,7.7521648663607
"AT5G05960",7.18479679537573,10.2429349731714,10.2542541507479,9.45569303636523,9.28107637492361,10.1034582457493,7.5803626981679,9.49518630209391,7.62100823122024,6.13790326949943,9.15867375636152,9.51633462852698,9.14490813306882,6.56394889906984,10.0000057510766,10.0297588445965,10.5893829058147,10.6154646622163,4.48683332755578,5.79766839808164,6.88359709871952,5.71252465594361,9.25470204991941,7.21905055133472,6.34222074703842,7.30748630586274,7.05326669171634,9.03450972574529,9.05461708707786,8.88447971321157,8.74014037861502,6.88178957728301,6.69948538639911,8.24761768065879,4.57336949402454,5.93264788896608
"AT5G13930",9.63372912152479,8.86385267448764,9.07919168589764,2,2.98862016935216,2,5.98947937317977,10.5604420004341,6.64298004362481,2,2,2,2,9.05771397264287,9.25192989082746,2,2,2,2,2.31442437527656,2,2,2,2,2,2,2,2,2,2,2,2,2,2,2,2
"AT2G21640",4.22010637908558,5.36962295140065,5.26363661109566,4.72739383076801,4.56594594006955,4.50218487239275,5.13879272198407,4.37244763647089,4.67453925423062,5.29142931174158,8.84356146431637,8.99682045591703,5.29927397167448,3.15778051883782,4.50733935040734,4.56364358377926,5.43135339896016,10.6990668905403,4.13537018156241,3.97165751551813,4.7238643948321,4.86727654943824,4.06566508135944,5.19173182101483,5.09876752184501,5.03953011935914,4.93307745130558,4.49287364224935,5.02475816192641,6.16561232130125,4.83361229447475,4.56334976568092,3.97788572867755,6.49594672480823,3.79742377361309,3.98274976850685
"AT4G31910",8.77876747702648,9.83919056421974,10.0174779056909,8.85668999623463,9.00523233822694,9.25965168305856,8.68636417489265,8.57558337467839,8.2271328521047,6.11775221394818,9.00011969207703,9.51245152922852,9.25574085095596,8.26836705408258,8.94628138289458,10.1924237451222,8.86719115355351,9.82000932620078,8.566906348044,8.71398548127854,7.15434940913084,6.36577322032631,8.03255660717475,6.93495756302095,7.16612171976005,6.90153929245643,6.80947464627082,7.05133871948637,8.67133925493858,8.88147767296265,7.44806948668663,7.00824866542876,8.16067196228471,8.26150851519293,8.21026599329092,7.23494862397867
"AT3G03780",8.06847635839923,7.51459904667078,7.90686444084845,9.20629211447837,9.00799314048667,10.1124464488813,5.82535580229608,7.41061635466237,7.83405802428888,8.06460547885914,8.83434493698997,8.5697481845506,8.6789539901403,6.73377163899237,6.89985623713178,9.67147133068191,9.10116342667424,9.88838890184039,6.8273302676409,7.02932045316992,7.72574503176717,6.75028582378944,8.1517354891037,5.68209458303572,7.2331927569495,6.9719198169711,7.27097025447808,7.35598214453976,7.32691570901261,8.01368381906744,7.43994523342103,7.3496964421638,6.87832413584693,7.01639479810081,6.72806706177708,7.69164150410195
"AT2G40900",8.34880097063112,9.52577757731128,9.82445499397641,7.35215804599619,6.65047813876138,8.39645154844517,8.83251130758832,8.15068376428447,9.02214145689684,3.97462933221034,6.85971982082886,7.38698657362554,7.9177343438917,8.65070779367815,9.4254671875595,8.12956009845613,7.8276033542523,7.75199683992531,6.31517740405118,7.11291382382336,8.11378029136985,6.24198074572414,6.557592783582,5.33961958476554,6.59626627382267,7.97183178024917,7.43571382276701,5.66610512433927,7.36187860384113,7.38437083199817,7.57961039138039,7.41757148194778,6.34691639853751,6.70013783061793,7.12602535469763,6.42096476547886
"AT2G41480",6.56605543453306,9.73656366513509,9.51501627104856,6.73705448310507,6.33582494379921,6.72993761433502,6.32421125477687,6.87106592194235,7.1698553054561,3.43793378745513,7.35685900265234,6.40439171922058,7.93521679317476,6.35416996916701,6.59585635173503,7.29695342400542,7.8583542452882,8.19273648438411,3.87433279092218,4.96687915805151,4.87532201012436,3.29461924542787,5.14455614150364,4.88967326929365,5.057064383188,6.70892062432191,6.2058496294891,5.60963741271582,6.56353588901983,7.03043150667096,5.10424008321029,5.833813016565,6.39809156100409,7.637027546826,6.32661788393565,3.98274976850685
"AT5G63850",6.62429571927986,9.01674708817086,9.24734731830658,7.21645850175402,7.42062273282956,8.8229316717611,8.87511680294942,7.84620344511235,9.13446284841334,6.13790326949943,7.27747409402909,8.04885774931536,7.08406757611494,6.06682814556796,8.59525056855477,6.70327481559348,7.87649500157128,8.7807360958161,7.41587871460179,7.22986897938763,6.71976827261403,5.95709966687535,6.16283329874738,6.91150917354423,6.74812842247836,8.25663092950082,7.35135513722833,5.96512239124437,6.70640529824908,6.10513144033098,8.33836248949043,6.9860653200471,7.29311289683479,6.18214637050104,4.57336949402454,5.22732441498633
"AT3G54500",8.9677622647142,8.41397947898986,8.57216860781299,5.61414022213452,6.08700889244196,7.76245765849019,8.71009333420271,8.13058100643585,8.30511405027753,5.72350052760701,4.21931900110919,6.3001356901565,6.73063512902976,9.17050971362503,9.00839642105879,7.13497345524407,5.06021829932342,3.30009393396537,6.29750262779571,6.65007662694428,6.09490585280043,5.81538093799454,5.06228215448479,5.81440991464485,6.68107463321564,7.13417251510245,6.63490659971831,6.45629542509271,5.97904258404106,6.57535034709966,5.92773319431416,7.0300960715125,6.08069314645319,5.7805541719191,7.45399884977361,6.46983878800912
"AT3G02850",7.18479679537573,6.83374970791785,7.08495968897725,7.38628796029644,4.83830419913394,8.15931661149918,8.31850954687263,8.43512828985176,8.6242835629458,3.88208859485096,7.37392221532633,7.05455228486541,7.25158676913841,7.74665558910738,8.98330810108195,8.60399693706277,5.92529469735486,7.42369723709714,5.93557025548638,7.0400383716947,7.25907471484006,5.51273814706389,5.61759128891269,4.93689302382764,5.74939643014882,6.2235783052882,6.22494128934009,4.92182187568147,7.99479088829073,6.85789091965567,7.39862320870744,8.00784868464443,5.8304776225306,5.49721349681564,5.98695129533619,3.30814444997182
"AT5G37260",7.07422921719639,7.99209507538461,8.45173431108409,7.6893897228574,7.67108181432055,8.70564698055555,7.60226655769824,8.34640195105525,8.35772723811418,6.66783180831721,6.98716530169322,7.86618506714667,8.29705239459126,7.34492369971708,8.59525056855477,7.18453106821106,6.44622090801981,7.44806729381785,4.91544520433215,5.69290191472441,6.11534025807301,6.04439173507682,6.41569805065314,5.53640737988018,6.21526362675638,6.14452339728896,6.53135611376553,6.37393175533665,8.02237012866285,8.48245037451216,6.52749857512741,5.92991185618229,6.14202163420372,7.38119410762122,7.82552530918568,6.2449464173496
"AT4G31730",7.09497297723779,8.47103133459465,8.70387723051913,6.01404509336926,6.00093433601574,6.94070274869682,7.66605079361764,6.71780856135575,7.84638430033052,3.56243292922456,6.13563351604037,6.69217792594618,7.15541666439637,6.89765947411181,8.4068336607446,6.74351185624933,5.06021829932342,6.03172302036382,5.74006730119474,5.77218135784612,6.15536074203656,4.13442436018898,5.49749746048437,4.98261612105979,6.15723609593531,7.71566815253857,6.83455082689486,3.87968069944101,6.24559149921006,7.04123246126969,6.2585612310457,6.40150888441953,5.22150627708683,5.64582858371335,5.79443104907499,6.59261130694475
"AT3G23810",6.50536477645349,7.85796794224955,7.33387479795035,6.52365029290757,5.73374243384902,8.7523972308144,5.61162201812176,8.35509111201348,7.71138608015509,3.67703655893263,5.55169130949698,6.60734240206055,7.63352130661989,7.18811637168652,6.91172497584164,5.80908211634123,7.02530564539345,8.09837749868413,6.24314070537714,6.39013543988565,6.40815426991333,6.02305886774518,5.95053934626326,6.62477237486173,5.55336884308226,5.12438061479017,5.86002767722488,4.96747398134857,3.68499293944291,4.67878391641774,5.58873530827889,5.97566276467407,6.43122688348744,6.39873793899892,4.57336949402454,6.14816861338832
"AT3G17609",8.03129132433625,7.54528438288683,7.59827463537813,4.14484299313901,4.62468648143953,3.98060515552747,7.72047330359305,7.98702656326195,7.87072533720757,4.29485007985443,5.21546130823889,5.02424673795774,3.306864940277,7.60056630089811,8.20942135111158,4.43850314362242,3.15283111737515,3.4362634945364,3.29534480324376,3.55979681801586,3.78138714405184,4.28540020139343,4.14775175227843,3.79317974399506,5.17872275067048,5.60962638945771,4.88587679043095,3.78085830700469,5.50315514046359,5.46852131588699,4.67652465086387,4.43821474627388,3.56532217693818,2.98563072143004,5.86966839869349,4.93414436440829
"AT3G26830",5.5822950990045,6.67630912490547,6.97649063755224,5.39697373725788,5.33694714777211,7.55958906960914,5.21658817561159,5.78453988927093,3.67928314708287,2.79291207435723,5.74769904058462,5.73365142632781,6.95289316296978,4.07071969906101,6.02593210905972,7.73640687778906,7.94685953663363,8.47162561899035,4.48683332755578,4.49231279142245,5.25270005778347,6.34872574069443,7.02757847027515,3.31003032565522,2,4.24355860758174,2,2.3145579633898,5.53414039044776,4.37160586401713,4.36944589069085,3.1555525462051,4.22463988987471,5.72816381901428,3.16220669036316,2.79752291750178
"AT5G05270",7.6020117771037,7.78270280182846,7.71765033043221,4.67313170248625,5.59373864929028,5.85849683400357,7.07448163226137,8.33766013916286,7.11995975311424,4.97035716958621,4.49361280716357,3.79100043867452,5.02227804549315,6.40535816315881,7.30276164629134,4.88471233429891,4.29724825766659,3.88015919448414,4.76922711354231,5.09575186413279,5.77350478305999,5.41785021426333,4.67630077708907,5.33961958476554,4.36445243856219,6.2235783052882,4.73423549077817,4.72323147099769,4.6250925840258,5.3691495456843,5.40061526467083,4.1497632321542,4.8325329878789,5.06200790479661,4.74303581204452,3.1571668956597
"AT2G46830",7.06374440542801,7.21397115379522,7.12616237404041,5.52503952076473,5.02433304735358,7.35841239133265,7.77934070716807,7.10540622179481,7.64942461187711,4.49559234840299,4.66975526843593,5.83662688334536,4.88508188844317,7.36229936353098,8.04672336073572,5.67680601463646,4.83136857718848,4.61319499208535,3.29534480324376,2.79122745930683,4.29281253855925,2.56985478010725,4.22541821733431,2,5.13929896264376,3.99584985393733,3.30741273686443,4.61264538921537,5.67980704063832,5.02189656212488,4.14795725636031,4.50213856019686,2.57517576059662,5.49721349681564,4.15910776682864,5.40537775803302
"AT3G51240",7.89599196068571,7.2234895165817,6.96518134462044,2,2,2,6.90859707636069,8.06853533169575,6.71196494873292,2,2,2,2,6.47090084811112,7.25697391550561,2,2,2,2.97788141219045,2.31442437527656,3.56074052532139,2,2,3.31003032565522,2.98285292023806,2,2.98791403288416,2,2,2,2.9859163328273,3.88788854915267,2.9852948805069,2,2,2
"AT3G09600",7.19444056825621,7.75671581275877,7.79633801867645,5.55535531201474,5.33694714777211,6.64753239165722,7.21378997507168,6.89509762742748,7.23693119527986,2.98313589108561,3.14985238695893,4.78770717626444,7.22340281598866,7.65797707340467,7.9054770644955,6.24250798681157,5.36437421218826,5.74747524661822,3.96669363852235,4.61207488399485,5.21532482446673,3.96578239631136,5.72845186372424,5.19173182101483,4.96985752736133,3.45591105049815,4.73423549077817,3.14935872121469,3.98325849316462,4.50242351180292,4.29932775835552,5.36883701351839,4.61906528147899,5.01904294008957,5.41364275555793,5.33677026453442
"AT5G17300",7.24171553503125,7.81454179727144,8.17573121660976,5.67062333189707,5.909396707795,7.09377529347555,7.47350319713765,6.70427076862829,6.85303310465714,4.97035716958621,5.13767338333945,5.6792694658504,6.67622352409076,7.11824400135675,7.51992320555329,4.73309123487921,4.97298463502277,5.58115461235452,4.35633446913578,3.87918403135159,4.49348701541825,4.71595983844823,5.33179295136025,3.15891192121607,4.14316296119249,3.16685196606733,5.22622795532439,5.01172568915708,6.02339405554604,5.67679899230232,5.29647765925257,4.73279078740593,4.97416683473024,6.03894676542727,6.19628656700027,5.47087019252989
"AT5G47990",2,2.98750247264091,3.44403176363516,3.88325365244497,2.98862016935216,5.29862279596522,2.7924285620237,5.40398442253679,2.57481472461755,6.13790326949943,3.14985238695893,3.15722090315833,4.50278178281919,3.68529007902925,4.84104761591614,6.45127397739221,2.57473049393913,2.31468669532409,2,3.43541940440479,2.98187175054737,5.00421824454858,2.31625886987925,2,2,2,2.57691644958517,2.79151542039395,2,2,2,2.57635622072656,2,2,8.04698267888513,7.9885409382396
"AT4G01440",2.57328117374159,5.85925464400243,6.36920849861499,7.09788770545515,7.26314252511784,7.59666456503973,5.80030770163607,4.06870029758315,5.14270401645836,2,6.44105197970094,6.14826099934512,7.67573502989689,4.1528939557403,5.53661136156675,6.75667862691199,7.24601429795358,7.65064360505641,3.87433279092218,5.91875766591405,4.2191988965183,3.87344226711224,5.85602652280265,5.15226349205774,3.15086004912652,4.69575663762182,3.56882527304985,4.77550008285726,5.4059944896227,6.04200370423044,5.85627358534396,3.1555525462051,4.2983274161494,6.03894676542727,6.15677919800279,2.57732118396118
"AT4G09950",5.17798336735051,5.22548647033108,5.65006988260308,7.03473567740808,6.66454456032832,7.51380294877913,6.37598913706283,5.18754642821511,6.52524688559663,4.92469148931752,5.13767338333945,7.47740845868702,6.75709023723571,7.60056630089811,6.72254556838289,4.93190712863869,5.75271431767653,6.05306419763062,5.35204156588681,5.87153442576979,3.43631950959478,5.45017794127986,4.14775175227843,5.33961958476554,4.92419419757009,3.80340267294874,5.10780391496381,2.79151542039395,5.10949122690462,6.06335467729035,5.64635944020767,4.22746039892793,6.54155093202698,4.22517329246755,4.94207754355825,5.81147292464683
"AT1G78580",6.62429571927986,6.9182335507628,6.4845961171205,6.76326442477503,6.04461344518269,5.80880593313307,6.9202695782427,6.54631419098484,6.4464654764255,6.15777673504171,7.1643389985875,7.2995577368405,5.59158966761941,4.44151032593552,6.72254556838289,6.9524795463583,6.57028459276567,7.24050401666378,6.22455513331539,5.82271298261526,3.88022390460466,4.86727654943824,5.95053934626326,3.89233549964142,4.14316296119249,5.97209587429995,2.79700173292972,6.33962296719862,5.50315514046359,6.53006036137849,5.43372180366929,4.88440658014374,4.61906528147899,4.97475905456436,5.3449934305955,5.95570773598114
"AT5G50120",5.55260846107044,7.05246147854031,7.49196066597336,5.90055049437924,5.73374243384902,6.24222629715424,4.96935936511034,4.50328275622857,5.87829498532011,5.01462163177567,4.82671310921835,5.47095927013732,6.36833378688908,5.40638505654552,6.92349686920026,6.16561951482768,4.83136857718848,5.7734224354143,4.76922711354231,4.61207488399485,3.78138714405184,3.77478526322496,5.40037500846203,2,3.88167126170071,4.99515700074711,2.98791403288416,3.56024754712417,5.59418318783046,6.02033199769495,4.50021865806543,2.57635622072656,4.14698513729675,4.92907270139001,4.23694699305412,2
"AT3G54820",4.06052272787914,3.98121287507283,4.73423540097338,5.49407299602012,5.02433304735358,7.55958906960914,2,4.50328275622857,2.57481472461755,2,4.61339727216247,6.54788071703853,5.36954248539285,3.57037680548119,2.99020286314461,6.20457591186483,5.01726069807487,6.44082131660075,2,4.29167616616933,2.79183041070833,4.42206270164929,4.22541821733431,2,3.43757247433945,3.99584985393733,4.50353893524396,2.98150359123071,2.57754580501597,4.22773254186083,3.88618720189966,2.79628024555845,2,3.15395026592115,5.60192862268632,3.8900259520015
"AT5G44350",3.97358273839206,5.67728213782672,5.81033270808217,5.18065441207926,5.02433304735358,5.62002869516747,4.92369837964101,7.50733241402969,2.98475144279221,3.43793378745513,5.25283696269051,4.56586415431546,5.22540690991542,6.67935532082504,5.9588749954635,4.9776068225949,5.01726069807487,5.2890516734181,3.14532772859945,4.14052202662216,5.7989936525937,3.96578239631136,4.78289981627994,3.79317974399506,3.88167126170071,3.16685196606733,4.62349354811233,4.66899775730148,3.89052324071078,4.67878391641774,3.97882260436684,3.30639963387886,4.14698513729675,4.22517329246755,4.57336949402454,4.68096292656912
"AT2G47560",2,6.2980894744395,7.18584067796879,3.30261768275283,3.15727518638845,4.14980679796139,5.01361941620149,4.67966434238452,3.88447051090606,2,2.98194726109814,2.31736749629105,2,2.31756784890556,6.3032562878709,3.44318022328115,4.14593644696984,3.88015919448414,2.31312131098911,2.31442437527656,2.31470410700992,2,2.98578494642315,2.31797306399672,2.57355378855726,2.58311946509969,3.15648987779388,2.3145579633898,3.44523922520984,2.57647019097342,2.5755886819709,2.57635622072656,2.31606402118202,2.31619754619804,3.79742377361309,2
"AT3G57020",5.92117045192774,5.53163821074965,5.90806751449625,3.56349044493806,2,2.79630410064126,4.29393944938876,6.83425069642415,4.92752923946815,5.05756831274545,2.98194726109814,3.15722090315833,3.306864940277,6.69315302919575,6.13120068763571,2,3.56442540016955,2.57287322942405,4.35633446913578,2.79122745930683,2.79183041070833,3.14465685270349,2.31625886987925,3.15891192121607,3.15086004912652,2,3.9818328678895,5.25203248061222,2,2.31683871010196,2.5755886819709,2.98707125060257,2.57517576059662,2.98563072143004,2,2
"AT3G06020",2,6.98690801785573,6.29887740703411,3.78433684970633,5.59373864929028,4.8844552030185,5.01361941620149,3.15631838361567,2.57481472461755,2,6.35773429217288,4.97994006732246,4.56399871448156,2.31756784890556,4.98281110098041,5.36915642643119,5.61543769115301,5.32458546141687,2,2,2.31470410700992,2.56985478010725,4.06566508135944,2.99009201867363,2.31509369956914,2,2,3.56024754712417,4.83872111603483,5.70424225106377,2.31631111548626,2,2,3.15395026592115,4.23694699305412,2
"AT5G08640",5.80006623937281,5.0653347951335,5.78482825524069,2,2,2,4.87654486705915,7.11566953523911,5.1021601693823,2,2,2,2,4.56670722371503,5.19193061128594,2.31684021217106,2.31579760311848,2,2.78841697022203,2,2,2.31288246043377,2,2,2,2.58311946509969,2,2,2.31748265441275,2.31683871010196,2.31631111548626,2,2,2,2,2
"AT3G03770",4.49443745653309,5.26289294944209,4.43960144239796,6.9345009902657,6.50171286393151,6.31522273126222,4.82779794772349,4.67966434238452,4.83158889219322,5.25499124911582,5.45878587738165,6.16814296805646,4.83628885820298,4.88790028086191,4.79051887182268,5.85877373564499,5.32968123271952,6.50417516967498,3.77565213552997,4.72265273609473,4.42964746789498,2.97727867459098,5.22239026722731,3.79317974399506,4.06115470942907,3.80340267294874,4.22879784986667,5.05466036380611,5.56447412796157,5.06487329776829,4.36944589069085,3.98056316672315,4.56037003222147,4.49974370880249,5.60192862268632,4.37368924981005
"AT2G25680",4.14251997181814,3.56827495648371,3.79005802361779,4.9717518563816,5.40555554360475,4.3713720789364,3.43721226595,3.78983701144163,3.15297216836127,5.55389280015834,4.49361280716357,7.1871298772881,2.79661159819368,3.57037680548119,3.98527923212522,3.98082720720913,4.78089597815359,5.69413745806984,2.97788141219045,4.05855901781386,3.30014669941153,2,3.88599361144167,2,3.15086004912652,3.58127407199754,2.98791403288416,2.79151542039395,5.02475816192641,4.93190050889972,3.30501112053648,2.79628024555845,2.79475973293804,4.49974370880249,2,3.68452377512357
"AT1G30380",4.55557990386512,5.95378263545949,5.75886479944192,2.3155199667725,2.57738592933968,2.57637474299612,5.66809652239186,5.99930782750484,3.88447051090606,2.79291207435723,2,2.31736749629105,3.44345047105287,6.72035876920187,6.24815327005672,2.57647270033298,2.31579760311848,3.14971956671423,2.57025451831215,2.98116701168466,3.56074052532139,4.05256612452043,2,4.15448304109844,3.67664295815345,3.45591105049815,4.15108059932862,2,2,2.57647019097342,3.56615355889486,3.44295664526586,4.06491155022723,2.31619754619804,2,2
"AT3G56730",3.15040324429965,6.18571731618843,6.63490649828412,3.88325365244497,2,6.12530157172511,3.56167649964282,4.50328275622857,3.67928314708287,2,2,2,4.9322785451138,3.98358068060193,5.98157545019066,5.29888997703465,5.294133379701,5.89658834865226,2.78841697022203,2.79122745930683,3.67527795770388,2.56985478010725,2.79517918582282,3.57173667994387,2,3.45591105049815,3.56882527304985,2.3145579633898,2.31748265441275,3.68274559054659,3.15426796173021,4.73279078740593,3.15357668896789,4.06542795802941,3.98957049505206,2
"AT5G56720",4.06052272787914,4.22814478280349,4.3726985230048,5.46242718762176,2.98862016935216,6.22338512883351,5.3944919426628,3.15631838361567,5.14270401645836,3.43793378745513,4.72399419500562,6.65038365244124,5.36954248539285,6.35416996916701,3.79333855965687,4.9776068225949,3.43983439240725,4.82650539789321,3.29534480324376,3.87918403135159,3.30014669941153,4.05256612452043,3.68071982347946,3.15891192121607,2.98285292023806,2.58311946509969,3.9818328678895,3.29970377664866,5.02475816192641,5.26242343788022,5.33203198398329,2.98707125060257,4.43529004818959,2.31619754619804,3.45058719629811,3.56963917892676
"AT5G64940",6.28838376236377,5.97647761673895,4.88587669904142,4.14484299313901,2.98862016935216,3.15558354015056,6.2705056813352,5.83510496267471,5.55688252842245,2,2.31473408427257,2.57735347397832,2.79661159819368,5.83757023647768,5.68230041246216,2,2.31579760311848,3.97265527333958,3.14532772859945,4.36170150369155,2.57290234646015,3.55458717760796,3.44131529987084,2,4.22075922351119,2,4.43960152860403,3.78085830700469,2.31748265441275,2.31683871010196,4.43631350088907,3.98056316672315,2.31606402118202,2.98563072143004,2.58033647092252,2.79752291750178
"AT2G47460",5.09803337060336,5.78405838006884,5.67804738503896,2,2,2,5.17821476260967,6.26208816434126,5.55688252842245,3.43793378745513,2,2.7975644961925,2,5.95674831426123,6.15136309174959,2,2,2,2.57025451831215,2.79122745930683,3.30014669941153,2.78790149132005,2,2,2.31509369956914,3.58127407199754,3.30741273686443,2,2,2,3.56615355889486,2.57635622072656,2.31606402118202,2,2,2
"AT2G02020",3.67607181632051,3.6831064744594,3.79005802361779,5.25642244082249,4.93431499312854,5.62002869516747,3.97377664299662,3.30722738352889,2,2.57374169311965,2.7918950175761,3.30820281945934,5.90720955938923,5.02513642528378,5.9588749954635,6.49906464831901,5.36437421218826,4.77606115029612,4.21284670348216,3.87918403135159,2.79183041070833,2.56985478010725,4.22541821733431,2,2,2,3.15648987779388,2,2,3.78909550663275,2.9859163328273,3.44295664526586,2.57517576059662,3.7867832976613,4.79542931386921,4.78762344753549
"AT5G50800",2,2.79664939768095,3.15648981951779,2.57426641932828,6.00093433601574,2,3.15054619499409,2.79686972153975,2.98475144279221,5.55389280015834,5.25283696269051,5.93273938523373,2,2,4.37642188095074,2.79643025976103,5.25768745640924,5.7210528318145,2,2,2,2,2.31625886987925,2,2,3.58127407199754,3.15648987779388,3.43584930507916,2,3.68274559054659,2,2.31677049014032,2,2.31619754619804,2,2
"AT4G24670",4.67060037440167,4.37202872440212,4.78657361864807,5.77735919949143,5.3013793253327,5.40277731596082,4.61445375661778,4.88560784135387,5.64419373057063,5.64118768151543,5.94328002435685,5.56394034042702,4.50278178281919,4.98082586728868,5.3745402506094,5.90681063286135,5.39825247127362,4.49341394799521,4.54790751823648,4.72265273609473,3.43631950959478,3.77478526322496,4.73058463249532,2,3.88167126170071,2.58311946509969,2.79700173292972,5.25203248061222,5.88602700048972,5.1471668012704,3.44148296961971,3.44295664526586,4.49918515203392,4.14751051243491,3.16220669036316,2
"AT1G29910",5.3603882498411,6.02082382582766,4.50353884819335,3.30261768275283,2.98862016935216,2,5.66809652239186,4.37244763647089,3.97706629662188,3.67703655893263,3.97283546722713,4.83821955436961,3.68304513209138,5.43950525936214,4.50733935040734,2.79643025976103,2.31579760311848,2.98182789067923,2,3.43541940440479,2.98187175054737,3.29461924542787,2.31625886987925,2,3.67664295815345,3.31860893367216,3.56882527304985,2.57265794756945,2.31748265441275,3.30660576041587,2.31631111548626,2.57635622072656,3.15357668896789,3.88576635896012,2,2
"AT1G11700",2.79231862684161,5.36962295140065,5.93150062532152,4.14484299313901,4.44076306045405,4.56339649024919,4.61445375661778,4.7863077585826,2.98475144279221,3.97462933221034,4.21931900110919,3.8900974446776,4.73345437650123,4.30440748131853,5.59666366716381,4.56364358377926,4.97298463502277,5.05523830935024,2.78841697022203,3.43541940440479,2.79183041070833,2.78790149132005,3.97862454875822,2.57836474614488,2.98285292023806,5.08257907556337,3.68367820863587,3.56024754712417,3.57009078399377,4.06790575149612,3.97882260436684,3.68250735825574,2.57517576059662,3.56577148159241,4.23694699305412,3.1571668956597
"AT4G25830",4.49443745653309,5.14763177092869,5.65006988260308,2.57426641932828,2,2,2,5.10752896568434,2,2,2,2,2,4.98082586728868,5.26776987464861,2,2,2,2.57025451831215,2.57243453094037,2.57290234646015,2,2.31625886987925,2.79886653946804,2,2.58311946509969,2.57691644958517,2.3145579633898,2,2,2.31631111548626,2.98707125060257,2.31606402118202,2.79504718071692,2,2
"AT4G15430",4.49443745653309,4.67922619715954,5.3356641303582,3.56349044493806,2.98862016935216,4.56339649024919,4.22031068717324,3.88890261647563,5.22052573152242,3.43793378745513,2.31473408427257,3.44487029667066,3.98114635371816,5.26573307518802,4.84104761591614,5.14717355938336,3.15283111737515,3.97265527333958,3.43122136653309,3.55979681801586,3.43631950959478,2.78790149132005,3.44131529987084,4.88967326929365,2,2.32082255607477,2.3171058510353,4.29221893401382,3.57009078399377,3.78909550663275,3.56615355889486,2.98707125060257,3.15357668896789,3.30466770622481,3.16220669036316,2
"AT4G26790",3.97358273839206,4.88515891489546,3.56882520298744,4.83015436394363,4.98002599949735,3.98060515552747,4.61445375661778,3.443835122281,3.97706629662188,4.67178389486643,4.14174448559677,3.98282290551948,4.43885172384414,4.50546642032115,4.07245192406703,3.88814664480989,4.55924511791428,5.66671038100042,3.66972286177469,2.57243453094037,3.30014669941153,2.56985478010725,4.29911628958721,2.31797306399672,2.79266993806511,2.99723456288942,3.79005809874502,3.97216569344083,3.68499293944291,4.56363725433724,3.30501112053648,4.06764226369726,3.97788572867755,2.98563072143004,2,4.37368924981005
"AT1G68585",3.15040324429965,4.43892437932392,4.22879776672576,4.2224649841461,2.98862016935216,5.18635971382603,2.98257082987955,3.78983701144163,4.22377661488974,2.57374169311965,2.31473408427257,4.06994688817451,3.306864940277,4.62545393517696,5.44156885947792,4.22773853347907,3.30345791020203,4.77606115029612,2.57025451831215,2.79122745930683,3.43631950959478,2.78790149132005,3.68071982347946,3.44680960920932,2.31509369956914,4.24355860758174,3.68367820863587,2.98150359123071,2.57754580501597,3.68274559054659,2.9859163328273,2.31677049014032,2.57517576059662,2.79504718071692,2,3.44480835367599
"AT5G13630",3.97358273839206,5.26289294944209,3.98183278895831,2,3.4449325555676,2,4.72506590275207,3.88890261647563,2.57481472461755,2,2,2,2,4.68190177862877,5.15246160480357,2.31684021217106,2,2.57287322942405,2.31312131098911,2.57243453094037,2.57290234646015,2.78790149132005,2,3.57173667994387,2.57355378855726,2,2.3171058510353,2,2,2,2.31631111548626,2.79628024555845,2.79475973293804,2.31619754619804,2,2
"AT1G62710",2.31493065467361,4.30187975331126,3.98183278895831,4.67313170248625,4.44076306045405,4.83566554846432,4.82779794772349,3.68346400402551,3.67928314708287,3.97462933221034,4.7762676487592,3.56970410301707,4.50278178281919,4.73622391709176,3.89249859308902,4.43850314362242,4.29724825766659,5.21524554600601,2.57025451831215,3.43541940440479,2.57290234646015,2.56985478010725,3.15412181679434,3.89233549964142,3.30132700672898,3.99584985393733,3.30741273686443,3.87968069944101,3.98325849316462,2.31683871010196,3.44148296961971,2.79628024555845,2.79475973293804,4.29886804672322,2,2.79752291750178
